municipality,bfs_id,mean,gini,mean_quantiles
Aeugst am Albis,1,56077,0.523,47k – 478k
Affoltern am Albis,2,40365,0.434,38k – 41k
Bonstetten,3,50364,0.415,47k – 478k
Hausen am Albis,4,47717,0.47,47k – 478k
Hedingen,5,50436,0.453,47k – 478k
Kappel am Albis,6,48833,0.484,47k – 478k
Knonau,7,44191,0.444,41k – 47k
Maschwanden,8,40302,0.437,38k – 41k
Mettmenstetten,9,48817,0.456,47k – 478k
Obfelden,10,42248,0.419,41k – 47k
Ottenbach,11,46454,0.444,41k – 47k
Rifferswil,12,49413,0.45,47k – 478k
Stallikon,13,55787,0.451,47k – 478k
Wettswil am Albis,14,64840,0.493,47k – 478k
Adlikon,21,40509,0.383,38k – 41k
Benken (ZH),22,43924,0.437,41k – 47k
Berg am Irchel,23,44714,0.449,41k – 47k
Buch am Irchel,24,46269,0.412,41k – 47k
Dachsen,25,45219,0.442,41k – 47k
Dorf,26,47570,0.425,47k – 478k
Feuerthalen,27,41015,0.432,38k – 41k
Flaach,28,43000,0.404,41k – 47k
Flurlingen,29,46359,0.491,41k – 47k
Andelfingen,30,47909,0.439,47k – 478k
Henggart,31,45273,0.404,41k – 47k
Humlikon,32,44853,0.436,41k – 47k
Kleinandelfingen,33,42151,0.398,41k – 47k
Laufen-Uhwiesen,34,53046,0.494,47k – 478k
Marthalen,35,42735,0.414,41k – 47k
Oberstammheim,36,40100,0.39,38k – 41k
Ossingen,37,38415,0.429,38k – 41k
Rheinau,38,39380,0.425,38k – 41k
Thalheim an der Thur,39,42163,0.411,41k – 47k
Trüllikon,40,41750,0.435,41k – 47k
Truttikon,41,37150,0.415,35k – 38k
Unterstammheim,42,41428,0.476,41k – 47k
Volken,43,50319,0.428,47k – 478k
Waltalingen,44,40719,0.411,38k – 41k
Bachenbülach,51,45027,0.422,41k – 47k
Bassersdorf,52,46562,0.41,47k – 478k
Bülach,53,43101,0.426,41k – 47k
Dietlikon,54,47431,0.423,47k – 478k
Eglisau,55,48590,0.427,47k – 478k
Embrach,56,41109,0.415,38k – 41k
Freienstein-Teufen,57,44967,0.417,41k – 47k
Glattfelden,58,41997,0.408,41k – 47k
Hochfelden,59,45556,0.406,41k – 47k
Höri,60,38261,0.394,38k – 41k
Hüntwangen,61,48235,0.415,47k – 478k
Kloten,62,41229,0.422,41k – 47k
Lufingen,63,54965,0.42,47k – 478k
Nürensdorf,64,57967,0.481,47k – 478k
Oberembrach,65,46872,0.414,47k – 478k
Opfikon,66,40969,0.433,38k – 41k
Rafz,67,44180,0.418,41k – 47k
Rorbas,68,38716,0.398,38k – 41k
Wallisellen,69,50645,0.443,47k – 478k
Wasterkingen,70,43382,0.376,41k – 47k
Wil (ZH),71,50277,0.508,47k – 478k
Winkel,72,64120,0.492,47k – 478k
Bachs,81,42101,0.407,41k – 47k
Boppelsen,82,63068,0.479,47k – 478k
Buchs (ZH),83,44320,0.4,41k – 47k
Dällikon,84,42685,0.417,41k – 47k
Dänikon,85,47322,0.465,47k – 478k
Dielsdorf,86,44385,0.422,41k – 47k
Hüttikon,87,52056,0.421,47k – 478k
Neerach,88,65980,0.483,47k – 478k
Niederglatt,89,42023,0.394,41k – 47k
Niederhasli,90,41101,0.398,38k – 41k
Niederweningen,91,45125,0.443,41k – 47k
Oberglatt,92,36823,0.385,35k – 38k
Oberweningen,93,49001,0.442,47k – 478k
Otelfingen,94,46949,0.409,47k – 478k
Regensberg,95,54149,0.419,47k – 478k
Regensdorf,96,41554,0.415,41k – 47k
Rümlang,97,43691,0.443,41k – 47k
Schleinikon,98,41736,0.419,41k – 47k
Schöfflisdorf,99,48385,0.418,47k – 478k
Stadel,100,43069,0.404,41k – 47k
Steinmaur,101,45342,0.425,41k – 47k
Weiach,102,41720,0.406,41k – 47k
Bäretswil,111,41965,0.421,41k – 47k
Bubikon,112,45225,0.415,41k – 47k
Dürnten,113,40322,0.417,38k – 41k
Fischenthal,114,34736,0.407,32k – 35k
Gossau (ZH),115,45341,0.43,41k – 47k
Grüningen,116,46305,0.437,41k – 47k
Hinwil,117,42034,0.419,41k – 47k
Rüti (ZH),118,36713,0.42,35k – 38k
Seegräben,119,44552,0.437,41k – 47k
Wald (ZH),120,36192,0.406,35k – 38k
Wetzikon (ZH),121,39128,0.408,38k – 41k
Adliswil,131,48525,0.47,47k – 478k
Hirzel,132,47972,0.471,47k – 478k
Horgen,133,53717,0.496,47k – 478k
Hütten,134,36791,0.452,35k – 38k
Kilchberg (ZH),135,92340,0.606,47k – 478k
Langnau am Albis,136,51100,0.48,47k – 478k
Oberrieden,137,64032,0.516,47k – 478k
Richterswil,138,48692,0.48,47k – 478k
Rüschlikon,139,91448,0.624,47k – 478k
Schönenberg (ZH),140,47974,0.469,47k – 478k
Thalwil,141,60311,0.505,47k – 478k
Wädenswil,142,47793,0.471,47k – 478k
Erlenbach (ZH),151,96573,0.64,47k – 478k
Herrliberg,152,92597,0.63,47k – 478k
Hombrechtikon,153,44827,0.463,41k – 47k
Küsnacht (ZH),154,97079,0.652,47k – 478k
Männedorf,155,55586,0.484,47k – 478k
Meilen,156,72016,0.567,47k – 478k
Oetwil am See,157,39842,0.394,38k – 41k
Stäfa,158,54886,0.505,47k – 478k
Uetikon am See,159,63420,0.534,47k – 478k
Zumikon,160,99954,0.656,47k – 478k
Zollikon,161,90364,0.618,47k – 478k
Fehraltorf,172,46181,0.406,41k – 47k
Hittnau,173,44930,0.406,41k – 47k
Illnau-Effretikon,174,41601,0.421,41k – 47k
Kyburg,175,47261,0.432,47k – 478k
Lindau,176,48233,0.43,47k – 478k
Pfäffikon,177,44164,0.427,41k – 47k
Russikon,178,49427,0.44,47k – 478k
Weisslingen,180,47432,0.444,47k – 478k
Wila,181,36305,0.405,35k – 38k
Wildberg,182,41923,0.395,41k – 47k
Dübendorf,191,45321,0.434,41k – 47k
Egg,192,51925,0.491,47k – 478k
Fällanden,193,51099,0.459,47k – 478k
Greifensee,194,47137,0.442,47k – 478k
Maur,195,62315,0.516,47k – 478k
Mönchaltorf,196,44811,0.432,41k – 47k
Schwerzenbach,197,45140,0.408,41k – 47k
Uster,198,44695,0.43,41k – 47k
Volketswil,199,46279,0.425,41k – 47k
Wangen-Brüttisellen,200,47422,0.443,47k – 478k
Altikon,211,41518,0.424,41k – 47k
Brütten,213,55225,0.447,47k – 478k
Dägerlen,214,43996,0.398,41k – 47k
Dättlikon,215,52455,0.45,47k – 478k
Dinhard,216,46510,0.419,41k – 47k
Elgg,217,40515,0.433,38k – 41k
Ellikon an der Thur,218,43404,0.434,41k – 47k
Elsau,219,42748,0.435,41k – 47k
Hagenbuch,220,38298,0.418,38k – 41k
Hettlingen,221,53655,0.485,47k – 478k
Hofstetten (ZH),222,39421,0.408,38k – 41k
Neftenbach,223,47701,0.429,47k – 478k
Pfungen,224,40299,0.392,38k – 41k
Rickenbach (ZH),225,42153,0.422,41k – 47k
Schlatt (ZH),226,39846,0.421,38k – 41k
Seuzach,227,49845,0.439,47k – 478k
Turbenthal,228,35767,0.404,35k – 38k
Winterthur,230,38986,0.434,38k – 41k
Zell (ZH),231,37326,0.415,35k – 38k
Aesch (ZH),241,63670,0.481,47k – 478k
Birmensdorf (ZH),242,50064,0.436,47k – 478k
Dietikon,243,36979,0.419,35k – 38k
Geroldswil,244,46944,0.451,47k – 478k
Oberengstringen,245,44895,0.446,41k – 47k
Oetwil an der Limmat,246,51524,0.475,47k – 478k
Schlieren,247,37593,0.397,35k – 38k
Uitikon,248,92055,0.581,47k – 478k
Unterengstringen,249,54727,0.486,47k – 478k
Urdorf,250,44691,0.412,41k – 47k
Weiningen (ZH),251,45822,0.425,41k – 47k
Zürich,261,46703,0.497,47k – 478k
Bauma,297,36859,0.418,35k – 38k
Wiesendangen,298,46429,0.421,41k – 47k
Aarberg,301,37274,0.379,35k – 38k
Bargen (BE),302,35417,0.383,35k – 38k
Grossaffoltern,303,36412,0.398,35k – 38k
Kallnach,304,35892,0.395,35k – 38k
Kappelen,305,38863,0.403,38k – 41k
Lyss,306,35902,0.419,35k – 38k
Meikirch,307,41566,0.416,41k – 47k
Radelfingen,309,36119,0.378,35k – 38k
Rapperswil (BE),310,38358,0.438,38k – 41k
Schüpfen,311,38123,0.412,35k – 38k
Seedorf (BE),312,37210,0.404,35k – 38k
Aarwangen,321,35793,0.418,35k – 38k
Auswil,322,28313,0.392,17k – 32k
Bannwil,323,34792,0.367,32k – 35k
Bleienbach,324,34509,0.37,32k – 35k
Busswil bei Melchnau,325,34992,0.387,32k – 35k
Gondiswil,326,29841,0.348,17k – 32k
Langenthal,329,34905,0.44,32k – 35k
Lotzwil,331,32849,0.418,32k – 35k
Madiswil,332,33996,0.406,32k – 35k
Melchnau,333,33047,0.421,32k – 35k
Obersteckholz,334,33069,0.398,32k – 35k
Oeschenbach,335,30718,0.385,17k – 32k
Reisiswil,336,34041,0.398,32k – 35k
Roggwil (BE),337,31932,0.41,32k – 35k
Rohrbach,338,29163,0.385,17k – 32k
Rohrbachgraben,339,27541,0.408,17k – 32k
Rütschelen,340,32576,0.366,32k – 35k
Schwarzhäusern,341,35320,0.382,32k – 35k
Thunstetten,342,34315,0.409,32k – 35k
Ursenbach,344,28508,0.402,17k – 32k
Wynau,345,34001,0.4,32k – 35k
Bern,351,38821,0.457,38k – 41k
Bolligen,352,49259,0.458,47k – 478k
Bremgarten bei Bern,353,50186,0.458,47k – 478k
Kirchlindach,354,47895,0.446,47k – 478k
Köniz,355,40109,0.444,38k – 41k
Muri bei Bern,356,57313,0.53,47k – 478k
Oberbalm,357,33572,0.387,32k – 35k
Stettlen,358,44532,0.45,41k – 47k
Vechigen,359,42135,0.418,41k – 47k
Wohlen bei Bern,360,47132,0.478,47k – 478k
Zollikofen,361,39678,0.429,38k – 41k
Ittigen,362,41173,0.44,38k – 41k
Ostermundigen,363,34293,0.412,32k – 35k
Biel/Bienne,371,30268,0.461,17k – 32k
Evilard,372,52906,0.501,47k – 478k
Arch,381,33319,0.389,32k – 35k
Büetigen,382,36197,0.399,35k – 38k
Büren an der Aare,383,35939,0.424,35k – 38k
Diessbach bei Büren,385,35265,0.407,32k – 35k
Dotzigen,386,34971,0.379,32k – 35k
Lengnau (BE),387,34118,0.415,32k – 35k
Leuzigen,388,33762,0.383,32k – 35k
Meienried,389,41386,0.355,41k – 47k
Meinisberg,390,35427,0.388,35k – 38k
Oberwil bei Büren,391,34949,0.368,32k – 35k
Pieterlen,392,33327,0.417,32k – 35k
Rüti bei Büren,393,32245,0.379,32k – 35k
Wengi,394,36602,0.395,35k – 38k
Aefligen,401,35261,0.381,32k – 35k
Alchenstorf,402,34219,0.376,32k – 35k
Bäriswil,403,43524,0.415,41k – 47k
Burgdorf,404,34102,0.435,32k – 35k
Ersigen,405,37293,0.388,35k – 38k
Hasle bei Burgdorf,406,31242,0.385,17k – 32k
Heimiswil,407,32380,0.405,32k – 35k
Hellsau,408,33812,0.38,32k – 35k
Hindelbank,409,38425,0.383,38k – 41k
Höchstetten,410,32629,0.402,32k – 35k
Kernenried,411,34469,0.365,32k – 35k
Kirchberg (BE),412,38032,0.413,35k – 38k
Koppigen,413,35093,0.398,32k – 35k
Krauchthal,414,36749,0.39,35k – 38k
Lyssach,415,37937,0.385,35k – 38k
Mötschwil,416,31769,0.432,17k – 32k
Niederösch,417,34086,0.367,32k – 35k
Oberburg,418,31466,0.404,17k – 32k
Oberösch,419,35241,0.385,32k – 35k
Rüdtligen-Alchenflüh,420,33077,0.368,32k – 35k
Rumendingen,421,32291,0.264,32k – 35k
Rüti bei Lyssach,422,34425,0.362,32k – 35k
Willadingen,423,34685,0.383,32k – 35k
Wynigen,424,31410,0.391,17k – 32k
Corgémont,431,33760,0.413,32k – 35k
Cormoret,432,34550,0.432,32k – 35k
Cortébert,433,32245,0.428,32k – 35k
Courtelary,434,32888,0.427,32k – 35k
La Ferrière,435,32898,0.434,32k – 35k
Mont-Tramelan,437,33237,0.438,32k – 35k
Orvin,438,35214,0.444,32k – 35k
Renan (BE),441,30989,0.4,17k – 32k
Romont (BE),442,37540,0.355,35k – 38k
Saint-Imier,443,30966,0.453,17k – 32k
Sonceboz-Sombeval,444,32803,0.405,32k – 35k
Sonvilier,445,28992,0.42,17k – 32k
Tramelan,446,32838,0.42,32k – 35k
Villeret,448,33326,0.449,32k – 35k
Sauge,449,33630,0.461,32k – 35k
Péry-La Heutte,450,33179,0.409,32k – 35k
Brüttelen,491,35509,0.409,35k – 38k
Erlach,492,39781,0.427,38k – 41k
Finsterhennen,493,35192,0.384,32k – 35k
Gals,494,40697,0.441,38k – 41k
Gampelen,495,38495,0.409,38k – 41k
Ins,496,39268,0.425,38k – 41k
Lüscherz,497,40008,0.445,38k – 41k
Müntschemier,498,36849,0.391,35k – 38k
Siselen,499,35134,0.385,32k – 35k
Treiten,500,39319,0.387,38k – 41k
Tschugg,501,36909,0.407,35k – 38k
Vinelz,502,40060,0.41,38k – 41k
Bangerten,532,35519,0.383,35k – 38k
Bätterkinden,533,37242,0.404,35k – 38k
Deisswil bei Münchenbuchsee,535,36965,0.461,35k – 38k
Diemerswil,536,40491,0.483,38k – 41k
Fraubrunnen,538,38989,0.405,38k – 41k
Jegenstorf,540,40863,0.416,38k – 41k
Iffwil,541,37501,0.438,35k – 38k
Mattstetten,543,42916,0.404,41k – 47k
Moosseedorf,544,36752,0.405,35k – 38k
Münchenbuchsee,546,39044,0.432,38k – 41k
Urtenen-Schönbühl,551,36316,0.398,35k – 38k
Utzenstorf,552,36491,0.4,35k – 38k
Wiggiswil,553,42184,0.32,41k – 47k
Wiler bei Utzenstorf,554,34750,0.365,32k – 35k
Zielebach,556,37152,0.387,35k – 38k
Zuzwil (BE),557,44127,0.393,41k – 47k
Adelboden,561,28148,0.43,17k – 32k
Aeschi bei Spiez,562,31546,0.416,17k – 32k
Frutigen,563,31393,0.413,17k – 32k
Kandergrund,564,29317,0.342,17k – 32k
Kandersteg,565,31041,0.46,17k – 32k
Krattigen,566,35005,0.426,32k – 35k
Reichenbach im Kandertal,567,30451,0.38,17k – 32k
Beatenberg,571,20839,0.551,17k – 32k
Bönigen,572,33272,0.381,32k – 35k
Brienz (BE),573,30198,0.413,17k – 32k
Brienzwiler,574,31835,0.429,17k – 32k
Därligen,575,34570,0.367,32k – 35k
Grindelwald,576,32484,0.451,32k – 35k
Gsteigwiler,577,30505,0.417,17k – 32k
Gündlischwand,578,29997,0.322,17k – 32k
Habkern,579,22699,0.415,17k – 32k
Hofstetten bei Brienz,580,28954,0.379,17k – 32k
Interlaken,581,33645,0.427,32k – 35k
Iseltwald,582,25904,0.448,17k – 32k
Lauterbrunnen,584,25231,0.51,17k – 32k
Leissigen,585,34286,0.415,32k – 35k
Lütschental,586,27622,0.35,17k – 32k
Matten bei Interlaken,587,32549,0.381,32k – 35k
Niederried bei Interlaken,588,30137,0.434,17k – 32k
Oberried am Brienzersee,589,28643,0.384,17k – 32k
Ringgenberg (BE),590,31601,0.432,17k – 32k
Saxeten,591,22989,0.422,17k – 32k
Schwanden bei Brienz,592,31735,0.412,17k – 32k
Unterseen,593,36569,0.422,35k – 38k
Wilderswil,594,31475,0.408,17k – 32k
Arni (BE),602,30587,0.377,17k – 32k
Biglen,603,33184,0.419,32k – 35k
Bowil,605,28322,0.377,17k – 32k
Brenzikofen,606,32821,0.388,32k – 35k
Freimettigen,607,35520,0.399,35k – 38k
Grosshöchstetten,608,36969,0.41,35k – 38k
Häutligen,609,33063,0.45,32k – 35k
Herbligen,610,34855,0.422,32k – 35k
Kiesen,611,39596,0.375,38k – 41k
Konolfingen,612,36338,0.407,35k – 38k
Landiswil,613,27296,0.42,17k – 32k
Linden,614,28981,0.445,17k – 32k
Mirchel,615,35399,0.355,35k – 38k
Münsingen,616,39468,0.422,38k – 41k
Niederhünigen,617,34135,0.399,32k – 35k
Oberdiessbach,619,35917,0.437,35k – 38k
Oberthal,620,27783,0.394,17k – 32k
Oppligen,622,34670,0.427,32k – 35k
Rubigen,623,41012,0.392,38k – 41k
Schlosswil,624,34501,0.387,32k – 35k
Tägertschi,625,36402,0.416,35k – 38k
Walkringen,626,30394,0.407,17k – 32k
Worb,627,37446,0.447,35k – 38k
Zäziwil,628,32960,0.385,32k – 35k
Oberhünigen,629,30098,0.366,17k – 32k
Allmendingen,630,56131,0.547,47k – 478k
Wichtrach,632,39185,0.404,38k – 41k
Clavaleyres,661,19776,0.426,17k – 32k
Ferenbalm,662,36682,0.395,35k – 38k
Frauenkappelen,663,41338,0.425,41k – 47k
Golaten,664,39703,0.415,38k – 41k
Gurbrü,665,33667,0.369,32k – 35k
Kriechenwil,666,34270,0.383,32k – 35k
Laupen,667,36001,0.415,35k – 38k
Mühleberg,668,40128,0.401,38k – 41k
Münchenwiler,669,38306,0.409,38k – 41k
Neuenegg,670,36772,0.395,35k – 38k
Wileroltigen,671,32951,0.403,32k – 35k
Belprahon,681,36781,0.432,35k – 38k
Champoz,683,34811,0.391,32k – 35k
Corcelles (BE),687,30108,0.412,17k – 32k
Court,690,33716,0.42,32k – 35k
Crémines,691,32392,0.441,32k – 35k
Eschert,692,33978,0.429,32k – 35k
Grandval,694,32325,0.382,32k – 35k
Loveresse,696,35869,0.401,35k – 38k
Moutier,700,31339,0.435,17k – 32k
Perrefitte,701,33054,0.451,32k – 35k
Reconvilier,703,30646,0.427,17k – 32k
Roches (BE),704,29378,0.439,17k – 32k
Saicourt,706,30675,0.395,17k – 32k
Saules (BE),707,29813,0.354,17k – 32k
Schelten,708,18740,0.547,17k – 32k
Seehof,709,22413,0.314,17k – 32k
Sorvilier,711,31739,0.359,17k – 32k
Tavannes,713,29880,0.437,17k – 32k
Rebévelier,715,24552,0.335,17k – 32k
Petit-Val,716,28519,0.394,17k – 32k
Valbirse,717,31778,0.424,17k – 32k
La Neuveville,723,38539,0.473,38k – 41k
Nods,724,35021,0.441,32k – 35k
Plateau de Diesse,726,46731,0.562,47k – 478k
Aegerten,731,34851,0.386,32k – 35k
Bellmund,732,48225,0.451,47k – 478k
Brügg,733,32556,0.433,32k – 35k
Bühl,734,39113,0.414,38k – 41k
Epsach,735,34126,0.393,32k – 35k
Hagneck,736,35423,0.369,35k – 38k
Hermrigen,737,36835,0.367,35k – 38k
Jens,738,40085,0.449,38k – 41k
Ipsach,739,40203,0.444,38k – 41k
Ligerz,740,45580,0.507,41k – 47k
Merzligen,741,40070,0.393,38k – 41k
Mörigen,742,51184,0.508,47k – 478k
Nidau,743,31234,0.45,17k – 32k
Orpund,744,33628,0.404,32k – 35k
Port,745,42449,0.443,41k – 47k
Safnern,746,37091,0.428,35k – 38k
Scheuren,747,36018,0.397,35k – 38k
Schwadernau,748,36357,0.439,35k – 38k
Studen (BE),749,37308,0.381,35k – 38k
Sutz-Lattrigen,750,39303,0.44,38k – 41k
Täuffelen,751,39760,0.421,38k – 41k
Walperswil,754,37676,0.386,35k – 38k
Worben,755,36721,0.418,35k – 38k
Twann-Tüscherz,756,42771,0.498,41k – 47k
Därstetten,761,27306,0.395,17k – 32k
Diemtigen,762,29781,0.409,17k – 32k
Erlenbach im Simmental,763,28747,0.421,17k – 32k
Oberwil im Simmental,766,26676,0.384,17k – 32k
Reutigen,767,32900,0.378,32k – 35k
Spiez,768,36055,0.428,35k – 38k
Wimmis,769,31798,0.379,17k – 32k
Stocken-Höfen,770,30770,0.396,17k – 32k
Guttannen,782,32356,0.387,32k – 35k
Hasliberg,783,27660,0.425,17k – 32k
Innertkirchen,784,31246,0.41,17k – 32k
Meiringen,785,34121,0.392,32k – 35k
Schattenhalb,786,30473,0.362,17k – 32k
Boltigen,791,25913,0.385,17k – 32k
Lenk,792,29235,0.432,17k – 32k
St. Stephan,793,28516,0.372,17k – 32k
Zweisimmen,794,31767,0.425,17k – 32k
Gsteig,841,35495,0.479,35k – 38k
Lauenen,842,34099,0.54,32k – 35k
Saanen,843,62266,0.708,47k – 478k
Guggisberg,852,25349,0.397,17k – 32k
Rüschegg,853,30577,0.409,17k – 32k
Schwarzenburg,855,32829,0.413,32k – 35k
Belp,861,39317,0.407,38k – 41k
Burgistein,863,32804,0.414,32k – 35k
Gelterfingen,865,34099,0.352,32k – 35k
Gerzensee,866,46549,0.5,41k – 47k
Gurzelen,867,31285,0.411,17k – 32k
Jaberg,868,35501,0.411,35k – 38k
Kaufdorf,869,39598,0.408,38k – 41k
Kehrsatz,870,41115,0.461,38k – 41k
Kirchdorf (BE),872,37777,0.402,35k – 38k
Kirchenthurnen,873,33292,0.339,32k – 35k
Lohnstorf,874,33692,0.408,32k – 35k
Mühledorf (BE),875,42530,0.454,41k – 47k
Mühlethurnen,876,36152,0.412,35k – 38k
Niedermuhlern,877,31516,0.393,17k – 32k
Noflen,878,32399,0.326,32k – 35k
Riggisberg,879,34129,0.438,32k – 35k
Rüeggisberg,880,29898,0.406,17k – 32k
Rümligen,881,35732,0.371,35k – 38k
Seftigen,883,36025,0.407,35k – 38k
Toffen,884,39894,0.419,38k – 41k
Uttigen,885,38484,0.405,38k – 41k
Wattenwil,886,30185,0.405,17k – 32k
Wald (BE),888,38418,0.398,38k – 41k
Eggiwil,901,27294,0.375,17k – 32k
Langnau im Emmental,902,31741,0.396,17k – 32k
Lauperswil,903,29780,0.389,17k – 32k
Röthenbach im Emmental,904,25546,0.396,17k – 32k
Rüderswil,905,30770,0.395,17k – 32k
Schangnau,906,27303,0.38,17k – 32k
Signau,907,29006,0.382,17k – 32k
Trub,908,24558,0.382,17k – 32k
Trubschachen,909,28141,0.401,17k – 32k
Amsoldingen,921,35318,0.431,32k – 35k
Blumenstein,922,32359,0.383,32k – 35k
Buchholterberg,923,31843,0.399,32k – 35k
Eriz,924,24591,0.358,17k – 32k
Fahrni,925,33223,0.378,32k – 35k
Heiligenschwendi,927,32418,0.426,32k – 35k
Heimberg,928,35354,0.39,35k – 38k
Hilterfingen,929,45779,0.497,41k – 47k
Homberg,931,29828,0.405,17k – 32k
Horrenbach-Buchen,932,24667,0.359,17k – 32k
Oberhofen am Thunersee,934,45210,0.459,41k – 47k
Oberlangenegg,935,26506,0.384,17k – 32k
Pohlern,936,32210,0.337,32k – 35k
Schwendibach,937,34172,0.355,32k – 35k
Sigriswil,938,35564,0.429,35k – 38k
Steffisburg,939,36601,0.409,35k – 38k
Teuffenthal (BE),940,24311,0.398,17k – 32k
Thierachern,941,36609,0.381,35k – 38k
Thun,942,35385,0.421,35k – 38k
Uebeschi,943,31329,0.41,17k – 32k
Uetendorf,944,35616,0.39,35k – 38k
Unterlangenegg,945,28892,0.382,17k – 32k
Wachseldorn,946,27840,0.331,17k – 32k
Zwieselberg,947,33893,0.439,32k – 35k
Forst-Längenbühl,948,30887,0.393,17k – 32k
Affoltern im Emmental,951,28608,0.38,17k – 32k
Dürrenroth,952,29709,0.394,17k – 32k
Eriswil,953,26772,0.379,17k – 32k
Huttwil,954,30935,0.413,17k – 32k
Lützelflüh,955,30636,0.395,17k – 32k
Rüegsau,956,33056,0.403,32k – 35k
Sumiswald,957,29491,0.396,17k – 32k
Trachselwald,958,27502,0.381,17k – 32k
Walterswil (BE),959,28084,0.392,17k – 32k
Wyssachen,960,27783,0.408,17k – 32k
Attiswil,971,35383,0.388,35k – 38k
Berken,972,32806,0.461,32k – 35k
Bettenhausen,973,33275,0.378,32k – 35k
Farnern,975,35484,0.409,35k – 38k
Graben,976,30332,0.365,17k – 32k
Heimenhausen,977,33883,0.38,32k – 35k
Hermiswil,978,32195,0.324,32k – 35k
Herzogenbuchsee,979,34355,0.427,32k – 35k
Inkwil,980,35059,0.392,32k – 35k
Niederbipp,981,34001,0.392,32k – 35k
Niederönz,982,35088,0.381,32k – 35k
Oberbipp,983,36877,0.385,35k – 38k
Ochlenberg,985,28483,0.376,17k – 32k
Rumisberg,987,42137,0.393,41k – 47k
Seeberg,988,31202,0.401,17k – 32k
Thörigen,989,34412,0.392,32k – 35k
Walliswil bei Niederbipp,990,34764,0.34,32k – 35k
Walliswil bei Wangen,991,35090,0.405,32k – 35k
Wangen an der Aare,992,35033,0.396,32k – 35k
Wangenried,993,35126,0.371,32k – 35k
Wiedlisbach,995,35249,0.409,32k – 35k
Wolfisberg,996,42204,0.506,41k – 47k
Doppleschwand,1001,32363,0.327,32k – 35k
Entlebuch,1002,32115,0.371,32k – 35k
Flühli,1004,28488,0.396,17k – 32k
Hasle (LU),1005,29518,0.348,17k – 32k
Romoos,1007,27033,0.351,17k – 32k
Schüpfheim,1008,31896,0.378,32k – 35k
Werthenstein,1009,31114,0.353,17k – 32k
Escholzmatt-Marbach,1010,28446,0.363,17k – 32k
Aesch (LU),1021,39686,0.407,38k – 41k
Altwis,1022,39155,0.364,38k – 41k
Ballwil,1023,42586,0.367,41k – 47k
Emmen,1024,34220,0.365,32k – 35k
Ermensee,1025,41723,0.407,41k – 47k
Eschenbach (LU),1026,41706,0.391,41k – 47k
Hitzkirch,1030,39299,0.404,38k – 41k
Hochdorf,1031,37165,0.393,35k – 38k
Hohenrain,1032,39729,0.403,38k – 41k
Inwil,1033,42177,0.367,41k – 47k
Rain,1037,45444,0.4,41k – 47k
Römerswil,1039,38601,0.367,38k – 41k
Rothenburg,1040,41644,0.38,41k – 47k
Schongau,1041,38810,0.393,38k – 41k
Adligenswil,1051,48201,0.447,47k – 478k
Buchrain,1052,41619,0.407,41k – 47k
Dierikon,1053,39679,0.383,38k – 41k
Ebikon,1054,39949,0.412,38k – 41k
Gisikon,1055,46000,0.43,41k – 47k
Greppen,1056,48689,0.445,47k – 478k
Honau,1057,46326,0.479,41k – 47k
Horw,1058,51137,0.518,47k – 478k
Kriens,1059,38418,0.399,38k – 41k
Luzern,1061,41068,0.448,38k – 41k
Malters,1062,36280,0.38,35k – 38k
Meggen,1063,87558,0.646,47k – 478k
Meierskappel,1064,48945,0.444,47k – 478k
Root,1065,38643,0.367,38k – 41k
Schwarzenberg,1066,36310,0.373,35k – 38k
Udligenswil,1067,49521,0.45,47k – 478k
Vitznau,1068,47888,0.517,47k – 478k
Weggis,1069,55564,0.542,47k – 478k
Beromünster,1081,37576,0.382,35k – 38k
Büron,1082,35969,0.374,35k – 38k
Buttisholz,1083,36747,0.367,35k – 38k
Eich,1084,55194,0.46,47k – 478k
Geuensee,1085,40832,0.38,38k – 41k
Grosswangen,1086,35720,0.363,35k – 38k
Hildisrieden,1088,45974,0.402,41k – 47k
Knutwil,1089,43432,0.403,41k – 47k
Mauensee,1091,44249,0.448,41k – 47k
Neuenkirch,1093,38324,0.373,38k – 41k
Nottwil,1094,41041,0.373,38k – 41k
Oberkirch,1095,44274,0.389,41k – 47k
Rickenbach (LU),1097,37246,0.401,35k – 38k
Ruswil,1098,36109,0.362,35k – 38k
Schenkon,1099,55045,0.467,47k – 478k
Schlierbach,1100,39022,0.348,38k – 41k
Sempach,1102,49201,0.452,47k – 478k
Sursee,1103,39507,0.372,38k – 41k
Triengen,1104,37234,0.385,35k – 38k
Wolhusen,1107,34019,0.392,32k – 35k
Alberswil,1121,33372,0.355,32k – 35k
Altbüron,1122,38222,0.387,35k – 38k
Altishofen,1123,39624,0.399,38k – 41k
Dagmersellen,1125,37801,0.359,35k – 38k
Ebersecken,1126,32998,0.417,32k – 35k
Egolzwil,1127,38095,0.392,35k – 38k
Ettiswil,1128,35510,0.361,35k – 38k
Fischbach,1129,32231,0.35,32k – 35k
Gettnau,1130,32209,0.349,32k – 35k
Grossdietwil,1131,33410,0.377,32k – 35k
Hergiswil bei Willisau,1132,29979,0.334,17k – 32k
Luthern,1135,27987,0.353,17k – 32k
Menznau,1136,31982,0.366,32k – 35k
Nebikon,1137,41489,0.391,41k – 47k
Pfaffnau,1139,36526,0.365,35k – 38k
Reiden,1140,35832,0.37,35k – 38k
Roggliswil,1142,33672,0.368,32k – 35k
Schötz,1143,34082,0.357,32k – 35k
Ufhusen,1145,30803,0.364,17k – 32k
Wauwil,1146,38090,0.378,35k – 38k
Wikon,1147,37816,0.38,35k – 38k
Zell (LU),1150,35568,0.421,35k – 38k
Willisau,1151,36127,0.387,35k – 38k
Altdorf (UR),1201,39425,0.387,38k – 41k
Andermatt,1202,42261,0.505,41k – 47k
Attinghausen,1203,36428,0.351,35k – 38k
Bauen,1204,35159,0.467,32k – 35k
Bürglen (UR),1205,35795,0.376,35k – 38k
Erstfeld,1206,34385,0.33,32k – 35k
Flüelen,1207,41024,0.4,38k – 41k
Göschenen,1208,33174,0.342,32k – 35k
Gurtnellen,1209,28664,0.349,17k – 32k
Hospental,1210,29810,0.416,17k – 32k
Isenthal,1211,26772,0.34,17k – 32k
Realp,1212,34216,0.416,32k – 35k
Schattdorf,1213,38924,0.358,38k – 41k
Seedorf (UR),1214,39982,0.365,38k – 41k
Seelisberg,1215,34802,0.41,32k – 35k
Silenen,1216,33266,0.332,32k – 35k
Sisikon,1217,34429,0.358,32k – 35k
Spiringen,1218,29280,0.331,17k – 32k
Unterschächen,1219,30802,0.342,17k – 32k
Wassen,1220,30937,0.371,17k – 32k
Einsiedeln,1301,41691,0.447,41k – 47k
Gersau,1311,39227,0.469,38k – 41k
Feusisberg,1321,145233,0.726,47k – 478k
Freienbach,1322,112487,0.68,47k – 478k
Wollerau,1323,158150,0.732,47k – 478k
Küssnacht (SZ),1331,63067,0.56,47k – 478k
Altendorf,1341,67338,0.544,47k – 478k
Galgenen,1342,47151,0.454,47k – 478k
Innerthal,1343,33594,0.396,32k – 35k
Lachen,1344,56675,0.502,47k – 478k
Reichenburg,1345,40142,0.408,38k – 41k
Schübelbach,1346,38468,0.403,38k – 41k
Tuggen,1347,48689,0.467,47k – 478k
Vorderthal,1348,33137,0.384,32k – 35k
Wangen (SZ),1349,42409,0.422,41k – 47k
Alpthal,1361,40864,0.447,38k – 41k
Arth,1362,39034,0.421,38k – 41k
Illgau,1363,31149,0.375,17k – 32k
Ingenbohl,1364,42655,0.482,41k – 47k
Lauerz,1365,38121,0.395,35k – 38k
Morschach,1366,38658,0.472,38k – 41k
Muotathal,1367,32899,0.356,32k – 35k
Oberiberg,1368,37586,0.479,35k – 38k
Riemenstalden,1369,25711,0.313,17k – 32k
Rothenthurm,1370,35499,0.358,35k – 38k
Sattel,1371,40358,0.438,38k – 41k
Schwyz,1372,41019,0.437,38k – 41k
Steinen,1373,37443,0.364,35k – 38k
Steinerberg,1374,39040,0.416,38k – 41k
Unteriberg,1375,33555,0.395,32k – 35k
Alpnach,1401,39536,0.372,38k – 41k
Engelberg,1402,52401,0.611,47k – 478k
Giswil,1403,34858,0.394,32k – 35k
Kerns,1404,36713,0.374,35k – 38k
Lungern,1405,37268,0.425,35k – 38k
Sachseln,1406,42218,0.43,41k – 47k
Sarnen,1407,113987,0.784,47k – 478k
Beckenried,1501,46014,0.434,41k – 47k
Buochs,1502,42094,0.401,41k – 47k
Dallenwil,1503,35625,0.349,35k – 38k
Emmetten,1504,48116,0.531,47k – 478k
Ennetbürgen,1505,53529,0.464,47k – 478k
Ennetmoos,1506,41395,0.38,41k – 47k
Hergiswil (NW),1507,92090,0.668,47k – 478k
Oberdorf (NW),1508,40376,0.379,38k – 41k
Stans,1509,43338,0.413,41k – 47k
Stansstad,1510,57579,0.507,47k – 478k
Wolfenschiessen,1511,33886,0.357,32k – 35k
Glarus Nord,1630,37510,0.395,35k – 38k
Glarus Süd,1631,34296,0.399,32k – 35k
Glarus,1632,37966,0.412,35k – 38k
Baar,1701,58875,0.515,47k – 478k
Cham,1702,56345,0.491,47k – 478k
Hünenberg,1703,66529,0.533,47k – 478k
Menzingen,1704,42571,0.475,41k – 47k
Neuheim,1705,55421,0.497,47k – 478k
Oberägeri,1706,82745,0.637,47k – 478k
Risch,1707,59568,0.496,47k – 478k
Steinhausen,1708,52515,0.458,47k – 478k
Unterägeri,1709,55850,0.5,47k – 478k
Walchwil,1710,135644,0.738,47k – 478k
Zug,1711,90032,0.631,47k – 478k
Bussy (FR),2004,37439,0.335,35k – 38k
Châbles,2005,46631,0.458,47k – 478k
Châtillon (FR),2008,41447,0.41,41k – 47k
Cheiry,2009,32187,0.358,32k – 35k
Cheyres,2010,41967,0.456,41k – 47k
Cugy (FR),2011,35386,0.418,35k – 38k
Domdidier,2013,35937,0.381,35k – 38k
Dompierre (FR),2014,34316,0.371,32k – 35k
Estavayer-le-Lac,2015,35653,0.423,35k – 38k
Fétigny,2016,36256,0.384,35k – 38k
Gletterens,2022,38977,0.399,38k – 41k
Léchelles,2024,36166,0.41,35k – 38k
Lully (FR),2025,35047,0.382,32k – 35k
Ménières,2027,37760,0.4,35k – 38k
Montagny (FR),2029,34614,0.401,32k – 35k
Morens (FR),2033,33415,0.333,32k – 35k
Murist,2034,33597,0.383,32k – 35k
Nuvilly,2035,33910,0.374,32k – 35k
Prévondavaux,2038,36640,0.323,35k – 38k
Rueyres-les-Prés,2039,38212,0.411,35k – 38k
Russy,2040,36046,0.396,35k – 38k
Saint-Aubin (FR),2041,38196,0.382,35k – 38k
Sévaz,2043,37036,0.334,35k – 38k
Surpierre,2044,31849,0.422,32k – 35k
Vallon,2045,33727,0.401,32k – 35k
Villeneuve (FR),2047,31606,0.377,17k – 32k
Vuissens,2049,33359,0.41,32k – 35k
Les Montets,2050,35806,0.382,35k – 38k
Delley-Portalban,2051,43460,0.475,41k – 47k
Vernay,2052,32946,0.44,32k – 35k
Auboranges,2061,67533,0.604,47k – 478k
Billens-Hennens,2063,34072,0.392,32k – 35k
Chapelle (Glâne),2066,40080,0.467,38k – 41k
Le Châtelard,2067,32157,0.414,32k – 35k
Châtonnaye,2068,34606,0.374,32k – 35k
Ecublens (FR),2072,40844,0.445,38k – 41k
Grangettes,2079,35770,0.409,35k – 38k
Massonnens,2086,35369,0.399,35k – 38k
Mézières (FR),2087,36506,0.433,35k – 38k
Montet (Glâne),2089,42369,0.372,41k – 47k
Romont (FR),2096,33730,0.418,32k – 35k
Rue,2097,36505,0.382,35k – 38k
Siviriez,2099,163434,0.87,47k – 478k
Ursy,2102,38212,0.424,35k – 38k
Villaz-Saint-Pierre,2111,32889,0.389,32k – 35k
Vuisternens-devant-Romont,2113,35537,0.387,35k – 38k
Villorsonnens,2114,35754,0.393,35k – 38k
Torny,2115,36045,0.359,35k – 38k
La Folliaz,2116,36220,0.38,35k – 38k
Haut-Intyamon,2121,29915,0.401,17k – 32k
Pont-en-Ogoz,2122,39645,0.415,38k – 41k
Botterens,2123,37924,0.402,35k – 38k
Broc,2124,35286,0.386,32k – 35k
Bulle,2125,37376,0.433,35k – 38k
Châtel-sur-Montsalvens,2128,37055,0.444,35k – 38k
Corbières,2129,39966,0.387,38k – 41k
Crésuz,2130,67669,0.714,47k – 478k
Echarlens,2131,39871,0.435,38k – 41k
Grandvillard,2134,36420,0.452,35k – 38k
Gruyères,2135,34873,0.444,32k – 35k
Hauteville,2137,38689,0.436,38k – 41k
Jaun,2138,26899,0.425,17k – 32k
Marsens,2140,41707,0.445,41k – 47k
Morlon,2143,43801,0.465,41k – 47k
Le Pâquier (FR),2145,40089,0.444,38k – 41k
Pont-la-Ville,2147,40158,0.424,38k – 41k
Riaz,2148,38559,0.395,38k – 41k
La Roche,2149,42241,0.524,41k – 47k
Sâles,2152,34740,0.425,32k – 35k
Sorens,2153,37942,0.419,35k – 38k
Vaulruz,2155,37510,0.393,35k – 38k
Vuadens,2160,36937,0.401,35k – 38k
Bas-Intyamon,2162,33318,0.386,32k – 35k
Val-de-Charmey,2163,35603,0.459,35k – 38k
Arconciel,2171,39982,0.42,38k – 41k
Autafond,2172,36041,0.426,35k – 38k
Autigny,2173,35065,0.393,32k – 35k
Avry,2174,44523,0.481,41k – 47k
Belfaux,2175,38422,0.408,38k – 41k
Chénens,2177,34780,0.421,32k – 35k
Chésopelloz,2179,60451,0.621,47k – 478k
Corminboeuf,2183,47703,0.454,47k – 478k
Corpataux-Magnedens,2184,39090,0.365,38k – 41k
Corserey,2185,36141,0.409,35k – 38k
Cottens (FR),2186,39504,0.436,38k – 41k
Ependes (FR),2189,35546,0.453,35k – 38k
Farvagny,2192,35918,0.423,35k – 38k
Ferpicloz,2194,105182,0.763,47k – 478k
Fribourg,2196,35286,0.446,32k – 35k
Givisiez,2197,39853,0.391,38k – 41k
Granges-Paccot,2198,37746,0.407,35k – 38k
Grolley,2200,35791,0.442,35k – 38k
Marly,2206,37547,0.462,35k – 38k
Matran,2208,41363,0.489,41k – 47k
Neyruz (FR),2211,40901,0.441,38k – 41k
Noréaz,2213,39473,0.446,38k – 41k
Pierrafortscha,2216,53805,0.591,47k – 478k
Ponthaux,2217,38188,0.375,35k – 38k
Le Mouret,2220,36165,0.434,35k – 38k
Prez-vers-Noréaz,2221,36314,0.459,35k – 38k
Rossens (FR),2222,37959,0.426,35k – 38k
Le Glèbe,2223,36268,0.416,35k – 38k
Senèdes,2225,36615,0.346,35k – 38k
Treyvaux,2226,34384,0.415,32k – 35k
Villars-sur-Glâne,2228,42215,0.466,41k – 47k
Villarsel-sur-Marly,2230,33767,0.435,32k – 35k
Vuisternens-en-Ogoz,2231,36474,0.395,35k – 38k
Hauterive (FR),2233,38300,0.407,38k – 41k
La Brillaz,2234,40571,0.427,38k – 41k
La Sonnaz,2235,38502,0.415,38k – 41k
Barberêche,2243,40799,0.488,38k – 41k
Courgevaux,2250,38548,0.435,38k – 41k
Courlevon,2251,40040,0.404,38k – 41k
Courtepin,2254,37339,0.393,35k – 38k
Cressier (FR),2257,39513,0.413,38k – 41k
Fräschels,2258,41891,0.434,41k – 47k
Galmiz,2259,37240,0.375,35k – 38k
Gempenach,2260,35475,0.371,35k – 38k
Greng,2261,88971,0.578,47k – 478k
Gurmels,2262,38286,0.405,38k – 41k
Jeuss,2264,41769,0.459,41k – 47k
Kerzers,2265,39115,0.387,38k – 41k
Kleinbösingen,2266,43287,0.378,41k – 47k
Lurtigen,2270,32391,0.357,32k – 35k
Meyriez,2271,48764,0.49,47k – 478k
Misery-Courtion,2272,35445,0.397,35k – 38k
Muntelier,2274,54879,0.429,47k – 478k
Murten,2275,40241,0.425,38k – 41k
Ried bei Kerzers,2276,42411,0.42,41k – 47k
Salvenach,2277,42673,0.428,41k – 47k
Ulmiz,2278,36639,0.412,35k – 38k
Villarepos,2279,39151,0.399,38k – 41k
Bas-Vully,2280,41808,0.405,41k – 47k
Haut-Vully,2281,57439,0.495,47k – 478k
Wallenried,2283,38270,0.424,38k – 41k
Alterswil,2291,34946,0.354,32k – 35k
Brünisried,2292,34643,0.349,32k – 35k
Düdingen,2293,38726,0.41,38k – 41k
Giffers,2294,36543,0.371,35k – 38k
Bösingen,2295,39587,0.386,38k – 41k
Heitenried,2296,34773,0.357,32k – 35k
Oberschrot,2298,30984,0.383,17k – 32k
Plaffeien,2299,30077,0.397,17k – 32k
Plasselb,2300,33223,0.377,32k – 35k
Rechthalten,2301,35156,0.356,32k – 35k
St. Antoni,2302,36869,0.349,35k – 38k
St. Silvester,2303,31593,0.354,17k – 32k
St. Ursen,2304,32831,0.415,32k – 35k
Schmitten (FR),2305,38128,0.402,35k – 38k
Tafers,2306,38897,0.415,38k – 41k
Tentlingen,2307,35353,0.377,32k – 35k
Ueberstorf,2308,39070,0.376,38k – 41k
Wünnewil-Flamatt,2309,36808,0.404,35k – 38k
Zumholz,2310,30845,0.356,17k – 32k
Attalens,2321,40583,0.445,38k – 41k
Bossonnens,2323,35605,0.416,35k – 38k
Châtel-Saint-Denis,2325,39620,0.447,38k – 41k
Granges (Veveyse),2328,40794,0.411,38k – 41k
Remaufens,2333,40329,0.403,38k – 41k
Saint-Martin (FR),2335,33495,0.453,32k – 35k
Semsales,2336,37056,0.375,35k – 38k
Le Flon,2337,33257,0.397,32k – 35k
La Verrerie,2338,33681,0.421,32k – 35k
Egerkingen,2401,38327,0.385,38k – 41k
Härkingen,2402,41087,0.37,38k – 41k
Kestenholz,2403,38143,0.38,35k – 38k
Neuendorf,2404,38887,0.387,38k – 41k
Niederbuchsiten,2405,37394,0.35,35k – 38k
Oberbuchsiten,2406,37589,0.376,35k – 38k
Oensingen,2407,38294,0.4,38k – 41k
Wolfwil,2408,39338,0.389,38k – 41k
Aedermannsdorf,2421,33701,0.386,32k – 35k
Balsthal,2422,36466,0.415,35k – 38k
Gänsbrunnen,2423,28313,0.413,17k – 32k
Herbetswil,2424,30961,0.385,17k – 32k
Holderbank (SO),2425,34117,0.4,32k – 35k
Laupersdorf,2426,34473,0.357,32k – 35k
Matzendorf,2427,35392,0.385,35k – 38k
Mümliswil-Ramiswil,2428,32899,0.389,32k – 35k
Welschenrohr,2429,30912,0.398,17k – 32k
Biezwil,2445,40537,0.39,38k – 41k
Lüterkofen-Ichertswil,2455,45298,0.402,41k – 47k
Lüterswil-Gächliwil,2456,37034,0.416,35k – 38k
Messen,2457,39573,0.431,38k – 41k
Schnottwil,2461,39815,0.401,38k – 41k
Unterramsern,2463,46277,0.429,41k – 47k
Lüsslingen-Nennigkofen,2464,40742,0.408,38k – 41k
Buchegg,2465,40486,0.405,38k – 41k
Bättwil,2471,45053,0.43,41k – 47k
Büren (SO),2472,42584,0.483,41k – 47k
Dornach,2473,49162,0.518,47k – 478k
Gempen,2474,46903,0.459,47k – 478k
Hochwald,2475,50914,0.522,47k – 478k
Hofstetten-Flüh,2476,54133,0.498,47k – 478k
Metzerlen-Mariastein,2477,42956,0.442,41k – 47k
Nuglar-St. Pantaleon,2478,42757,0.439,41k – 47k
Rodersdorf,2479,45436,0.484,41k – 47k
Seewen,2480,39663,0.447,38k – 41k
Witterswil,2481,49902,0.513,47k – 478k
Hauenstein-Ifenthal,2491,36412,0.382,35k – 38k
Kienberg,2492,34084,0.432,32k – 35k
Lostorf,2493,42713,0.431,41k – 47k
Niedergösgen,2495,35000,0.406,32k – 35k
Obergösgen,2497,36437,0.401,35k – 38k
Rohr (SO),2498,37194,0.38,35k – 38k
Stüsslingen,2499,43175,0.404,41k – 47k
Trimbach,2500,31762,0.432,17k – 32k
Winznau,2501,37862,0.381,35k – 38k
Wisen (SO),2502,41098,0.428,38k – 41k
Erlinsbach (SO),2503,37651,0.397,35k – 38k
Aeschi (SO),2511,41293,0.408,41k – 47k
Biberist,2513,36038,0.401,35k – 38k
Bolken,2514,36851,0.391,35k – 38k
Deitingen,2516,38907,0.385,38k – 41k
Derendingen,2517,34105,0.388,32k – 35k
Etziken,2518,37928,0.393,35k – 38k
Gerlafingen,2519,32666,0.391,32k – 35k
Halten,2520,39711,0.403,38k – 41k
Horriwil,2523,40524,0.426,38k – 41k
Hüniken,2524,42761,0.31,41k – 47k
Kriegstetten,2525,39189,0.389,38k – 41k
Lohn-Ammannsegg,2526,49819,0.439,47k – 478k
Luterbach,2527,36496,0.366,35k – 38k
Obergerlafingen,2528,39699,0.372,38k – 41k
Oekingen,2529,41641,0.397,41k – 47k
Recherswil,2530,39284,0.365,38k – 41k
Subingen,2532,37971,0.396,35k – 38k
Zuchwil,2534,32872,0.389,32k – 35k
Drei Höfe,2535,37761,0.39,35k – 38k
Balm bei Günsberg,2541,47608,0.451,47k – 478k
Bellach,2542,36027,0.406,35k – 38k
Bettlach,2543,42857,0.427,41k – 47k
Feldbrunnen-St. Niklaus,2544,74353,0.542,47k – 478k
Flumenthal,2545,36398,0.365,35k – 38k
Grenchen,2546,34323,0.404,32k – 35k
Günsberg,2547,46284,0.472,41k – 47k
Hubersdorf,2548,39410,0.391,38k – 41k
Kammersrohr,2549,69816,0.678,47k – 478k
Langendorf,2550,40037,0.41,38k – 41k
Lommiswil,2551,41270,0.396,41k – 47k
Oberdorf (SO),2553,46250,0.445,41k – 47k
Riedholz,2554,45675,0.404,41k – 47k
Rüttenen,2555,41610,0.415,41k – 47k
Selzach,2556,38420,0.391,38k – 41k
Boningen,2571,38513,0.379,38k – 41k
Däniken,2572,39204,0.384,38k – 41k
Dulliken,2573,32214,0.396,32k – 35k
Eppenberg-Wöschnau,2574,37039,0.47,35k – 38k
Fulenbach,2575,38561,0.379,38k – 41k
Gretzenbach,2576,39513,0.419,38k – 41k
Gunzgen,2578,38153,0.363,35k – 38k
Hägendorf,2579,43182,0.429,41k – 47k
Kappel (SO),2580,42827,0.416,41k – 47k
Olten,2581,37104,0.43,35k – 38k
Rickenbach (SO),2582,45132,0.432,41k – 47k
Schönenwerd,2583,33867,0.399,32k – 35k
Starrkirch-Wil,2584,45704,0.43,41k – 47k
Walterswil (SO),2585,35441,0.389,35k – 38k
Wangen bei Olten,2586,39128,0.417,38k – 41k
Solothurn,2601,40411,0.43,38k – 41k
Bärschwil,2611,33031,0.398,32k – 35k
Beinwil (SO),2612,31358,0.386,17k – 32k
Breitenbach,2613,38963,0.441,38k – 41k
Büsserach,2614,38919,0.424,38k – 41k
Erschwil,2615,37574,0.418,35k – 38k
Fehren,2616,34939,0.397,32k – 35k
Grindel,2617,35183,0.44,32k – 35k
Himmelried,2618,43609,0.443,41k – 47k
Kleinlützel,2619,31458,0.408,17k – 32k
Meltingen,2620,34808,0.42,32k – 35k
Nunningen,2621,39027,0.43,38k – 41k
Zullwil,2622,32342,0.376,32k – 35k
Basel,2701,45913,0.519,41k – 47k
Bettingen,2702,96286,0.681,47k – 478k
Riehen,2703,59789,0.519,47k – 478k
Aesch (BL),2761,45487,0.399,41k – 47k
Allschwil,2762,47385,0.43,47k – 478k
Arlesheim,2763,59662,0.533,47k – 478k
Biel-Benken,2764,73567,0.521,47k – 478k
Binningen,2765,65838,0.549,47k – 478k
Birsfelden,2766,38057,0.382,35k – 38k
Bottmingen,2767,69320,0.518,47k – 478k
Ettingen,2768,48408,0.409,47k – 478k
Münchenstein,2769,42406,0.432,41k – 47k
Muttenz,2770,46083,0.431,41k – 47k
Oberwil (BL),2771,58510,0.487,47k – 478k
Pfeffingen,2772,65811,0.509,47k – 478k
Reinach (BL),2773,49573,0.45,47k – 478k
Schönenbuch,2774,53222,0.428,47k – 478k
Therwil,2775,54601,0.464,47k – 478k
Blauen,2781,47564,0.457,47k – 478k
Brislach,2782,38636,0.38,38k – 41k
Burg im Leimental,2783,45935,0.485,41k – 47k
Dittingen,2784,37826,0.375,35k – 38k
Duggingen,2785,45257,0.416,41k – 47k
Grellingen,2786,38758,0.435,38k – 41k
Laufen,2787,38125,0.405,35k – 38k
Liesberg,2788,36553,0.382,35k – 38k
Nenzlingen,2789,42123,0.389,41k – 47k
Roggenburg,2790,30264,0.384,17k – 32k
Röschenz,2791,44983,0.385,41k – 47k
Wahlen,2792,38219,0.366,35k – 38k
Zwingen,2793,38660,0.386,38k – 41k
Arisdorf,2821,49603,0.406,47k – 478k
Augst,2822,45912,0.39,41k – 47k
Bubendorf,2823,42669,0.415,41k – 47k
Frenkendorf,2824,41192,0.408,41k – 47k
Füllinsdorf,2825,44678,0.429,41k – 47k
Giebenach,2826,45708,0.39,41k – 47k
Hersberg,2827,49179,0.389,47k – 478k
Lausen,2828,40369,0.379,38k – 41k
Liestal,2829,41809,0.433,41k – 47k
Lupsingen,2830,55141,0.447,47k – 478k
Pratteln,2831,38067,0.398,35k – 38k
Ramlinsburg,2832,52523,0.426,47k – 478k
Seltisberg,2833,54330,0.427,47k – 478k
Ziefen,2834,38395,0.411,38k – 41k
Anwil,2841,38787,0.401,38k – 41k
Böckten,2842,47559,0.427,47k – 478k
Buckten,2843,39263,0.367,38k – 41k
Buus,2844,38970,0.378,38k – 41k
Diepflingen,2845,41043,0.367,38k – 41k
Gelterkinden,2846,39555,0.381,38k – 41k
Häfelfingen,2847,40003,0.367,38k – 41k
Hemmiken,2848,37071,0.375,35k – 38k
Itingen,2849,43202,0.379,41k – 47k
Känerkinden,2850,51093,0.465,47k – 478k
Kilchberg (BL),2851,47298,0.402,47k – 478k
Läufelfingen,2852,39143,0.414,38k – 41k
Maisprach,2853,46885,0.436,47k – 478k
Nusshof,2854,59412,0.391,47k – 478k
Oltingen,2855,35544,0.373,35k – 38k
Ormalingen,2856,41865,0.385,41k – 47k
Rickenbach (BL),2857,41241,0.376,41k – 47k
Rothenfluh,2858,38717,0.411,38k – 41k
Rümlingen,2859,37998,0.363,35k – 38k
Rünenberg,2860,42503,0.392,41k – 47k
Sissach,2861,44910,0.413,41k – 47k
Tecknau,2862,36775,0.423,35k – 38k
Tenniken,2863,42626,0.358,41k – 47k
Thürnen,2864,39524,0.38,38k – 41k
Wenslingen,2865,43327,0.365,41k – 47k
Wintersingen,2866,41178,0.413,38k – 41k
Wittinsburg,2867,43220,0.378,41k – 47k
Zeglingen,2868,36573,0.342,35k – 38k
Zunzgen,2869,38820,0.37,38k – 41k
Arboldswil,2881,49715,0.401,47k – 478k
Bennwil,2882,41887,0.377,41k – 47k
Bretzwil,2883,36275,0.361,35k – 38k
Diegten,2884,40122,0.36,38k – 41k
Eptingen,2885,34482,0.344,32k – 35k
Hölstein,2886,42536,0.4,41k – 47k
Lampenberg,2887,44416,0.422,41k – 47k
Langenbruck,2888,32687,0.381,32k – 35k
Lauwil,2889,38385,0.336,38k – 41k
Liedertswil,2890,39422,0.305,38k – 41k
Niederdorf,2891,37800,0.383,35k – 38k
Oberdorf (BL),2892,38399,0.406,38k – 41k
Reigoldswil,2893,35163,0.395,32k – 35k
Titterten,2894,37899,0.39,35k – 38k
Waldenburg,2895,35164,0.407,32k – 35k
Gächlingen,2901,37154,0.391,35k – 38k
Löhningen,2903,42941,0.378,41k – 47k
Neunkirch,2904,38595,0.396,38k – 41k
Büttenhardt,2914,45585,0.417,41k – 47k
Dörflingen,2915,45514,0.416,41k – 47k
Lohn (SH),2917,44184,0.399,41k – 47k
Stetten (SH),2919,57012,0.465,47k – 478k
Thayngen,2920,39059,0.374,38k – 41k
Bargen (SH),2931,34273,0.389,32k – 35k
Beringen,2932,39692,0.369,38k – 41k
Buchberg,2933,55030,0.472,47k – 478k
Merishausen,2936,38621,0.399,38k – 41k
Neuhausen am Rheinfall,2937,35157,0.412,32k – 35k
Rüdlingen,2938,60448,0.505,47k – 478k
Schaffhausen,2939,38960,0.428,38k – 41k
Beggingen,2951,30703,0.397,17k – 32k
Schleitheim,2952,34738,0.402,32k – 35k
Siblingen,2953,40684,0.371,38k – 41k
Buch (SH),2961,43464,0.459,41k – 47k
Hemishofen,2962,39525,0.406,38k – 41k
Ramsen,2963,35895,0.402,35k – 38k
Stein am Rhein,2964,40968,0.45,38k – 41k
Hallau,2971,36097,0.395,35k – 38k
Oberhallau,2972,38662,0.338,38k – 41k
Trasadingen,2973,33473,0.387,32k – 35k
Wilchingen,2974,37375,0.405,35k – 38k
Herisau,3001,37100,0.423,35k – 38k
Hundwil,3002,29954,0.372,17k – 32k
Schönengrund,3003,33857,0.383,32k – 35k
Schwellbrunn,3004,34402,0.395,32k – 35k
Stein (AR),3005,42712,0.438,41k – 47k
Urnäsch,3006,32467,0.395,32k – 35k
Waldstatt,3007,37228,0.397,35k – 38k
Bühler,3021,34671,0.406,32k – 35k
Gais,3022,41211,0.45,41k – 47k
Speicher,3023,43575,0.446,41k – 47k
Teufen (AR),3024,58981,0.55,47k – 478k
Trogen,3025,36577,0.449,35k – 38k
Grub (AR),3031,35498,0.43,35k – 38k
Heiden,3032,38906,0.424,38k – 41k
Lutzenberg,3033,39973,0.414,38k – 41k
Rehetobel,3034,37728,0.445,35k – 38k
Reute (AR),3035,36082,0.397,35k – 38k
Wald (AR),3036,34796,0.458,32k – 35k
Walzenhausen,3037,39312,0.467,38k – 41k
Wolfhalden,3038,38557,0.435,38k – 41k
Appenzell,3101,44756,0.459,41k – 47k
Gonten,3102,36007,0.408,35k – 38k
Rüte,3103,50089,0.523,47k – 478k
Schlatt-Haslen,3104,33734,0.394,32k – 35k
Schwende,3105,39308,0.433,38k – 41k
Oberegg,3111,37559,0.41,35k – 38k
Häggenschwil,3201,39987,0.392,38k – 41k
Muolen,3202,36837,0.375,35k – 38k
St. Gallen,3203,38131,0.445,35k – 38k
Wittenbach,3204,37404,0.388,35k – 38k
Berg (SG),3211,45512,0.423,41k – 47k
Eggersriet,3212,40817,0.399,38k – 41k
Goldach,3213,39052,0.394,38k – 41k
Mörschwil,3214,59240,0.519,47k – 478k
Rorschach,3215,31725,0.403,17k – 32k
Rorschacherberg,3216,40647,0.431,38k – 41k
Steinach,3217,38758,0.391,38k – 41k
Tübach,3218,51251,0.429,47k – 478k
Untereggen,3219,41674,0.418,41k – 47k
Au (SG),3231,39994,0.418,38k – 41k
Balgach,3232,40823,0.415,38k – 41k
Berneck,3233,41720,0.43,41k – 47k
Diepoldsau,3234,40466,0.391,38k – 41k
Rheineck,3235,35206,0.407,32k – 35k
St. Margrethen,3236,32819,0.372,32k – 35k
Thal,3237,40777,0.436,38k – 41k
Widnau,3238,38058,0.39,35k – 38k
Altstätten,3251,35015,0.413,32k – 35k
Eichberg,3252,36553,0.414,35k – 38k
Marbach (SG),3253,37562,0.394,35k – 38k
Oberriet (SG),3254,35669,0.364,35k – 38k
Rebstein,3255,35044,0.381,32k – 35k
Rüthi (SG),3256,35045,0.368,32k – 35k
Buchs (SG),3271,37037,0.392,35k – 38k
Gams,3272,36000,0.404,35k – 38k
Grabs,3273,38091,0.422,35k – 38k
Sennwald,3274,35622,0.386,35k – 38k
Sevelen,3275,36269,0.403,35k – 38k
Wartau,3276,35689,0.39,35k – 38k
Bad Ragaz,3291,38803,0.397,38k – 41k
Flums,3292,30562,0.381,17k – 32k
Mels,3293,35580,0.368,35k – 38k
Pfäfers,3294,32526,0.407,32k – 35k
Quarten,3295,32236,0.403,32k – 35k
Sargans,3296,37878,0.383,35k – 38k
Vilters-Wangs,3297,36737,0.387,35k – 38k
Walenstadt,3298,37017,0.384,35k – 38k
Amden,3311,39756,0.441,38k – 41k
Benken (SG),3312,37867,0.401,35k – 38k
Kaltbrunn,3313,36714,0.367,35k – 38k
Schänis,3315,36139,0.359,35k – 38k
Weesen,3316,39734,0.433,38k – 41k
Schmerikon,3338,41413,0.424,41k – 47k
Uznach,3339,37556,0.4,35k – 38k
Rapperswil-Jona,3340,48359,0.458,47k – 478k
Gommiswald,3341,40217,0.428,38k – 41k
Eschenbach (SG),3342,38443,0.411,38k – 41k
Ebnat-Kappel,3352,32265,0.394,32k – 35k
Wildhaus-Alt St. Johann,3359,29973,0.398,17k – 32k
Nesslau,3360,31633,0.399,17k – 32k
Hemberg,3372,30923,0.4,17k – 32k
Lichtensteig,3374,33464,0.394,32k – 35k
Oberhelfenschwil,3375,34997,0.409,32k – 35k
Neckertal,3378,30220,0.387,17k – 32k
Wattwil,3379,32853,0.396,32k – 35k
Kirchberg (SG),3392,35156,0.397,32k – 35k
Lütisburg,3393,35149,0.405,32k – 35k
Mosnang,3394,33946,0.401,32k – 35k
Bütschwil-Ganterschwil,3395,34175,0.398,32k – 35k
Degersheim,3401,34026,0.398,32k – 35k
Flawil,3402,36570,0.397,35k – 38k
Jonschwil,3405,40791,0.385,38k – 41k
Oberuzwil,3407,39101,0.4,38k – 41k
Uzwil,3408,36837,0.385,35k – 38k
Niederbüren,3422,37302,0.389,35k – 38k
Niederhelfenschwil,3423,39370,0.397,38k – 41k
Oberbüren,3424,40281,0.374,38k – 41k
Zuzwil (SG),3426,45764,0.426,41k – 47k
Wil (SG),3427,39896,0.428,38k – 41k
Andwil (SG),3441,43430,0.406,41k – 47k
Gaiserwald,3442,45103,0.423,41k – 47k
Gossau (SG),3443,38900,0.393,38k – 41k
Waldkirch,3444,38998,0.401,38k – 41k
Mutten,3503,31011,0.338,17k – 32k
Vaz/Obervaz,3506,38141,0.559,35k – 38k
Lantsch/Lenz,3513,28853,0.43,17k – 32k
Schmitten (GR),3514,27274,0.402,17k – 32k
Bergün/Bravuogn,3521,28331,0.435,17k – 32k
Filisur,3522,32346,0.415,32k – 35k
Bivio,3531,24894,0.442,17k – 32k
Cunter,3532,30110,0.453,17k – 32k
Marmorera,3533,65816,0.727,47k – 478k
Mulegns,3534,27824,0.378,17k – 32k
Riom-Parsonz,3536,28404,0.405,17k – 32k
Salouf,3538,26161,0.491,17k – 32k
Savognin,3539,28956,0.444,17k – 32k
Sur,3540,21560,0.453,17k – 32k
Tinizong-Rona,3541,30267,0.442,17k – 32k
Albula/Alvra,3542,28165,0.43,17k – 32k
Brusio,3551,28754,0.419,17k – 32k
Poschiavo,3561,32359,0.432,32k – 35k
Falera,3572,28718,0.464,17k – 32k
Laax,3575,31741,0.497,17k – 32k
Sagogn,3581,30403,0.442,17k – 32k
Schluein,3582,33269,0.436,32k – 35k
Vals,3603,29467,0.442,17k – 32k
Andiast,3611,24807,0.398,17k – 32k
Obersaxen,3612,25255,0.503,17k – 32k
Waltensburg/Vuorz,3616,26326,0.42,17k – 32k
Mundaun,3617,24952,0.441,17k – 32k
Lumnezia,3618,28108,0.395,17k – 32k
Ilanz/Glion,3619,31726,0.428,17k – 32k
Fürstenau,3633,36593,0.409,35k – 38k
Rothenbrunnen,3637,32647,0.396,32k – 35k
Scharans,3638,35539,0.419,35k – 38k
Sils im Domleschg,3640,34824,0.357,32k – 35k
Cazis,3661,31935,0.408,32k – 35k
Flerden,3662,29841,0.354,17k – 32k
Masein,3663,36502,0.362,35k – 38k
Thusis,3668,34281,0.41,32k – 35k
Tschappina,3669,26288,0.384,17k – 32k
Urmein,3670,37675,0.45,35k – 38k
Safiental,3672,28100,0.39,17k – 32k
Domleschg,3673,35064,0.42,32k – 35k
Avers,3681,27484,0.436,17k – 32k
Hinterrhein,3691,26799,0.361,17k – 32k
Nufenen,3693,34800,0.418,32k – 35k
Splügen,3694,29918,0.417,17k – 32k
Sufers,3695,35951,0.31,35k – 38k
Andeer,3701,33711,0.384,32k – 35k
Casti-Wergenstein,3703,29814,0.446,17k – 32k
Donat,3705,31426,0.4,17k – 32k
Lohn (GR),3707,25511,0.421,17k – 32k
Mathon,3708,20974,0.41,17k – 32k
Rongellen,3711,37467,0.366,35k – 38k
Zillis-Reischen,3712,32450,0.383,32k – 35k
Ferrera,3713,31981,0.357,32k – 35k
Bonaduz,3721,39289,0.393,38k – 41k
Domat/Ems,3722,37214,0.377,35k – 38k
Rhäzüns,3723,36629,0.384,35k – 38k
Felsberg,3731,42637,0.406,41k – 47k
Flims,3732,33114,0.489,32k – 35k
Tamins,3733,37353,0.391,35k – 38k
Trin,3734,34547,0.39,32k – 35k
Zernez,3746,38284,0.386,38k – 41k
Samnaun,3752,36093,0.464,35k – 38k
Scuol,3762,34071,0.44,32k – 35k
Valsot,3764,32969,0.395,32k – 35k
Bever,3781,45905,0.472,41k – 47k
Celerina/Schlarigna,3782,68679,0.689,47k – 478k
Madulain,3783,31972,0.473,32k – 35k
Pontresina,3784,47230,0.529,47k – 478k
La Punt-Chamues-ch,3785,42897,0.584,41k – 47k
Samedan,3786,42023,0.435,41k – 47k
St. Moritz,3787,63612,0.639,47k – 478k
S-chanf,3788,45307,0.421,41k – 47k
Sils im Engadin/Segl,3789,43246,0.539,41k – 47k
Silvaplana,3790,41094,0.573,38k – 41k
Zuoz,3791,36601,0.485,35k – 38k
Bregaglia,3792,30640,0.457,17k – 32k
Buseno,3804,27164,0.405,17k – 32k
Castaneda,3805,33411,0.387,32k – 35k
Rossa,3808,29919,0.418,17k – 32k
Santa Maria in Calanca,3810,31033,0.482,17k – 32k
Lostallo,3821,33595,0.366,32k – 35k
Mesocco,3822,26578,0.489,17k – 32k
Soazza,3823,39942,0.519,38k – 41k
Cama,3831,37853,0.434,35k – 38k
Grono,3832,35702,0.443,35k – 38k
Leggia,3833,30314,0.334,17k – 32k
Roveredo (GR),3834,33239,0.394,32k – 35k
San Vittore,3835,34540,0.441,32k – 35k
Verdabbio,3836,25508,0.436,17k – 32k
Calanca,3837,23597,0.432,17k – 32k
Val Müstair,3847,30120,0.417,17k – 32k
Davos,3851,38748,0.473,38k – 41k
Fideris,3861,31633,0.42,17k – 32k
Furna,3862,25486,0.356,17k – 32k
Jenaz,3863,33200,0.364,32k – 35k
Klosters-Serneus,3871,40286,0.507,38k – 41k
Conters im Prättigau,3881,34733,0.402,32k – 35k
Küblis,3882,32766,0.367,32k – 35k
Saas,3883,31969,0.351,32k – 35k
Luzein,3891,32438,0.401,32k – 35k
St. Antönien,3893,26565,0.352,17k – 32k
Chur,3901,39313,0.437,38k – 41k
Churwalden,3911,32163,0.437,32k – 35k
Arosa,3921,35511,0.471,35k – 38k
Maladers,3926,34318,0.364,32k – 35k
Tschiertschen-Praden,3932,28776,0.382,17k – 32k
Haldenstein,3941,39833,0.409,38k – 41k
Trimmis,3945,40576,0.399,38k – 41k
Untervaz,3946,39068,0.363,38k – 41k
Zizers,3947,39230,0.399,38k – 41k
Fläsch,3951,49101,0.471,47k – 478k
Jenins,3952,45239,0.456,41k – 47k
Maienfeld,3953,46445,0.436,41k – 47k
Malans,3954,47836,0.469,47k – 478k
Landquart,3955,36146,0.378,35k – 38k
Grüsch,3961,35255,0.398,32k – 35k
Schiers,3962,33588,0.389,32k – 35k
Seewis im Prättigau,3972,34661,0.399,32k – 35k
Breil/Brigels,3981,29074,0.392,17k – 32k
Disentis/Mustér,3982,30592,0.429,17k – 32k
Medel (Lucmagn),3983,27301,0.411,17k – 32k
Sumvitg,3985,28503,0.399,17k – 32k
Tujetsch,3986,32704,0.429,32k – 35k
Trun,3987,28228,0.392,17k – 32k
Aarau,4001,42431,0.409,41k – 47k
Biberstein,4002,55944,0.42,47k – 478k
Buchs (AG),4003,41872,0.362,41k – 47k
Densbüren,4004,37400,0.372,35k – 38k
Erlinsbach (AG),4005,49105,0.411,47k – 478k
Gränichen,4006,39910,0.366,38k – 41k
Hirschthal,4007,45698,0.394,41k – 47k
Küttigen,4008,46472,0.417,41k – 47k
Muhen,4009,41051,0.363,38k – 41k
Oberentfelden,4010,38419,0.377,38k – 41k
Suhr,4012,39366,0.384,38k – 41k
Unterentfelden,4013,42371,0.371,41k – 47k
Baden,4021,47477,0.422,47k – 478k
Bellikon,4022,55907,0.406,47k – 478k
Bergdietikon,4023,59480,0.439,47k – 478k
Birmenstorf (AG),4024,48209,0.375,47k – 478k
Ennetbaden,4026,58973,0.449,47k – 478k
Fislisbach,4027,42174,0.377,41k – 47k
Freienwil,4028,44557,0.393,41k – 47k
Gebenstorf,4029,41452,0.37,41k – 47k
Killwangen,4030,46644,0.376,47k – 478k
Künten,4031,41292,0.379,41k – 47k
Mägenwil,4032,42754,0.376,41k – 47k
Mellingen,4033,42376,0.382,41k – 47k
Neuenhof,4034,35516,0.357,35k – 38k
Niederrohrdorf,4035,47752,0.382,47k – 478k
Oberrohrdorf,4037,52599,0.436,47k – 478k
Obersiggenthal,4038,47227,0.419,47k – 478k
Remetschwil,4039,50648,0.449,47k – 478k
Spreitenbach,4040,36943,0.377,35k – 38k
Stetten (AG),4041,41306,0.379,41k – 47k
Turgi,4042,37962,0.397,35k – 38k
Untersiggenthal,4044,41431,0.391,41k – 47k
Wettingen,4045,43979,0.419,41k – 47k
Wohlenschwil,4046,42031,0.395,41k – 47k
Würenlingen,4047,43415,0.365,41k – 47k
Würenlos,4048,50751,0.409,47k – 478k
Ehrendingen,4049,44444,0.381,41k – 47k
Arni (AG),4061,54056,0.423,47k – 478k
Berikon,4062,46699,0.41,47k – 478k
Bremgarten (AG),4063,41532,0.402,41k – 47k
Büttikon,4064,46930,0.388,47k – 478k
Dottikon,4065,38581,0.352,38k – 41k
Eggenwil,4066,48519,0.377,47k – 478k
Fischbach-Göslikon,4067,41227,0.367,41k – 47k
Hägglingen,4068,43141,0.394,41k – 47k
Jonen,4071,50580,0.421,47k – 478k
Niederwil (AG),4072,41961,0.389,41k – 47k
Oberlunkhofen,4073,58779,0.451,47k – 478k
Oberwil-Lieli,4074,76724,0.574,47k – 478k
Rudolfstetten-Friedlisberg,4075,44553,0.406,41k – 47k
Sarmenstorf,4076,42036,0.382,41k – 47k
Tägerig,4077,42378,0.36,41k – 47k
Uezwil,4078,40463,0.375,38k – 41k
Unterlunkhofen,4079,48082,0.372,47k – 478k
Villmergen,4080,39524,0.356,38k – 41k
Widen,4081,56251,0.467,47k – 478k
Wohlen (AG),4082,37868,0.398,35k – 38k
Zufikon,4083,46020,0.407,41k – 47k
Islisberg,4084,50631,0.361,47k – 478k
Auenstein,4091,48244,0.401,47k – 478k
Birr,4092,39194,0.364,38k – 41k
Birrhard,4093,40850,0.366,38k – 41k
Bözen,4094,38836,0.355,38k – 41k
Brugg,4095,41348,0.419,41k – 47k
Effingen,4096,42261,0.401,41k – 47k
Elfingen,4097,41831,0.363,41k – 47k
Habsburg,4099,55430,0.413,47k – 478k
Hausen (AG),4100,44345,0.374,41k – 47k
Lupfig,4104,43480,0.349,41k – 47k
Mandach,4105,40253,0.393,38k – 41k
Mönthal,4106,46101,0.353,41k – 47k
Mülligen,4107,42024,0.356,41k – 47k
Remigen,4110,47301,0.369,47k – 478k
Riniken,4111,42355,0.385,41k – 47k
Rüfenach,4112,45202,0.378,41k – 47k
Scherz,4113,42619,0.38,41k – 47k
Schinznach-Bad,4114,40384,0.404,38k – 41k
Thalheim (AG),4117,43052,0.366,41k – 47k
Veltheim (AG),4120,38853,0.396,38k – 41k
Villigen,4121,43443,0.353,41k – 47k
Villnachern,4122,41753,0.376,41k – 47k
Windisch,4123,39007,0.393,38k – 41k
Bözberg,4124,45400,0.413,41k – 47k
Schinznach,4125,41429,0.412,41k – 47k
Beinwil am See,4131,42525,0.42,41k – 47k
Birrwil,4132,44170,0.399,41k – 47k
Burg (AG),4133,34625,0.358,32k – 35k
Dürrenäsch,4134,40167,0.366,38k – 41k
Gontenschwil,4135,37500,0.369,35k – 38k
Holziken,4136,38427,0.335,38k – 41k
Leimbach (AG),4137,42862,0.376,41k – 47k
Leutwil,4138,38947,0.369,38k – 41k
Menziken,4139,34729,0.383,32k – 35k
Oberkulm,4140,36914,0.373,35k – 38k
Reinach (AG),4141,34058,0.378,32k – 35k
Schlossrued,4142,35477,0.381,35k – 38k
Schmiedrued,4143,33780,0.364,32k – 35k
Schöftland,4144,40330,0.379,38k – 41k
Teufenthal (AG),4145,36906,0.359,35k – 38k
Unterkulm,4146,36302,0.381,35k – 38k
Zetzwil,4147,38759,0.355,38k – 41k
Eiken,4161,41200,0.371,41k – 47k
Frick,4163,42211,0.397,41k – 47k
Gansingen,4164,40694,0.385,38k – 41k
Gipf-Oberfrick,4165,45425,0.411,41k – 47k
Herznach,4166,43068,0.382,41k – 47k
Hornussen,4167,35614,0.345,35k – 38k
Kaisten,4169,41887,0.389,41k – 47k
Laufenburg,4170,41223,0.387,41k – 47k
Münchwilen (AG),4172,42899,0.364,41k – 47k
Oberhof,4173,39717,0.385,38k – 41k
Oeschgen,4175,41553,0.358,41k – 47k
Schwaderloch,4176,38203,0.351,35k – 38k
Sisseln,4177,41415,0.356,41k – 47k
Ueken,4179,40134,0.349,38k – 41k
Wittnau,4181,41833,0.361,41k – 47k
Wölflinswil,4182,38008,0.372,35k – 38k
Zeihen,4183,40189,0.355,38k – 41k
Mettauertal,4184,40278,0.363,38k – 41k
Ammerswil,4191,44290,0.362,41k – 47k
Boniswil,4192,40843,0.396,38k – 41k
Brunegg,4193,42221,0.322,41k – 47k
Dintikon,4194,40415,0.354,38k – 41k
Egliswil,4195,42989,0.369,41k – 47k
Fahrwangen,4196,37187,0.373,35k – 38k
Hallwil,4197,35624,0.353,35k – 38k
Hendschiken,4198,37432,0.335,35k – 38k
Holderbank (AG),4199,40405,0.333,38k – 41k
Hunzenschwil,4200,39457,0.342,38k – 41k
Lenzburg,4201,43073,0.421,41k – 47k
Meisterschwanden,4202,52071,0.452,47k – 478k
Möriken-Wildegg,4203,44808,0.402,41k – 47k
Niederlenz,4204,39342,0.379,38k – 41k
Othmarsingen,4205,39810,0.357,38k – 41k
Rupperswil,4206,42447,0.363,41k – 47k
Schafisheim,4207,40858,0.381,38k – 41k
Seengen,4208,48748,0.421,47k – 478k
Seon,4209,39261,0.378,38k – 41k
Staufen,4210,44446,0.375,41k – 47k
Abtwil,4221,40861,0.391,38k – 41k
Aristau,4222,44191,0.404,41k – 47k
Auw,4223,42398,0.361,41k – 47k
Beinwil (Freiamt),4224,43557,0.448,41k – 47k
Besenbüren,4226,42094,0.358,41k – 47k
Bettwil,4227,43452,0.421,41k – 47k
Boswil,4228,38020,0.345,35k – 38k
Bünzen,4229,39384,0.37,38k – 41k
Buttwil,4230,42073,0.372,41k – 47k
Dietwil,4231,39805,0.355,38k – 41k
Geltwil,4232,43998,0.449,41k – 47k
Kallern,4233,47669,0.426,47k – 478k
Merenschwand,4234,42061,0.399,41k – 47k
Mühlau,4235,40871,0.361,38k – 41k
Muri (AG),4236,40429,0.379,38k – 41k
Oberrüti,4237,41871,0.381,41k – 47k
Rottenschwil,4238,42852,0.399,41k – 47k
Sins,4239,40774,0.387,38k – 41k
Waltenschwil,4240,41274,0.384,41k – 47k
Hellikon,4251,36804,0.339,35k – 38k
Kaiseraugst,4252,47048,0.377,47k – 478k
Magden,4253,54794,0.446,47k – 478k
Möhlin,4254,41379,0.381,41k – 47k
Mumpf,4255,40623,0.361,38k – 41k
Obermumpf,4256,39367,0.386,38k – 41k
Olsberg,4257,61597,0.469,47k – 478k
Rheinfelden,4258,44739,0.408,41k – 47k
Schupfart,4259,41217,0.347,41k – 47k
Stein (AG),4260,44287,0.405,41k – 47k
Wallbach,4261,49368,0.428,47k – 478k
Wegenstetten,4262,40694,0.4,38k – 41k
Zeiningen,4263,45574,0.406,41k – 47k
Zuzgen,4264,43225,0.405,41k – 47k
Aarburg,4271,36140,0.362,35k – 38k
Attelwil,4272,39248,0.373,38k – 41k
Bottenwil,4273,40278,0.379,38k – 41k
Brittnau,4274,38944,0.353,38k – 41k
Kirchleerau,4275,37309,0.332,35k – 38k
Kölliken,4276,39426,0.367,38k – 41k
Moosleerau,4277,36629,0.354,35k – 38k
Murgenthal,4279,36636,0.373,35k – 38k
Oftringen,4280,37789,0.352,35k – 38k
Reitnau,4281,36645,0.372,35k – 38k
Rothrist,4282,39436,0.374,38k – 41k
Safenwil,4283,37348,0.341,35k – 38k
Staffelbach,4284,37817,0.323,35k – 38k
Strengelbach,4285,37161,0.355,35k – 38k
Uerkheim,4286,39005,0.358,38k – 41k
Vordemwald,4287,38289,0.356,38k – 41k
Wiliberg,4288,42038,0.309,41k – 47k
Zofingen,4289,41494,0.386,41k – 47k
Baldingen,4301,39869,0.402,38k – 41k
Böbikon,4302,47289,0.509,47k – 478k
Böttstein,4303,39347,0.385,38k – 41k
Döttingen,4304,40334,0.384,38k – 41k
Endingen,4305,43811,0.386,41k – 47k
Fisibach,4306,40058,0.379,38k – 41k
Full-Reuenthal,4307,39289,0.377,38k – 41k
Kaiserstuhl,4308,40125,0.422,38k – 41k
Klingnau,4309,40873,0.4,38k – 41k
Koblenz,4310,36696,0.352,35k – 38k
Leibstadt,4311,40129,0.384,38k – 41k
Lengnau (AG),4312,43057,0.411,41k – 47k
Leuggern,4313,39201,0.385,38k – 41k
Mellikon,4314,39627,0.382,38k – 41k
Rekingen (AG),4315,35016,0.379,32k – 35k
Rietheim,4316,34988,0.393,32k – 35k
Rümikon,4317,37642,0.362,35k – 38k
Schneisingen,4318,45184,0.369,41k – 47k
Siglistorf,4319,40317,0.405,38k – 41k
Tegerfelden,4320,43932,0.379,41k – 47k
Wislikofen,4322,40005,0.359,38k – 41k
Bad Zurzach,4323,38688,0.408,38k – 41k
Arbon,4401,35143,0.398,32k – 35k
Dozwil,4406,36254,0.395,35k – 38k
Egnach,4411,40474,0.401,38k – 41k
Hefenhofen,4416,35587,0.405,35k – 38k
Horn,4421,44136,0.411,41k – 47k
Kesswil,4426,44494,0.411,41k – 47k
Roggwil (TG),4431,42519,0.401,41k – 47k
Romanshorn,4436,35684,0.408,35k – 38k
Salmsach,4441,35931,0.358,35k – 38k
Sommeri,4446,35963,0.385,35k – 38k
Uttwil,4451,47196,0.455,47k – 478k
Amriswil,4461,34597,0.398,32k – 35k
Bischofszell,4471,35448,0.385,35k – 38k
Erlen,4476,36311,0.39,35k – 38k
Hauptwil-Gottshaus,4486,36709,0.38,35k – 38k
Hohentannen,4495,36217,0.395,35k – 38k
Kradolf-Schönenberg,4501,35007,0.377,32k – 35k
Sulgen,4506,36767,0.376,35k – 38k
Zihlschlacht-Sitterdorf,4511,43115,0.478,41k – 47k
Basadingen-Schlattingen,4536,38124,0.404,35k – 38k
Diessenhofen,4545,39330,0.397,38k – 41k
Schlatt (TG),4546,39695,0.397,38k – 41k
Aadorf,4551,40843,0.381,38k – 41k
Felben-Wellhausen,4561,42010,0.356,41k – 47k
Frauenfeld,4566,42074,0.419,41k – 47k
Gachnang,4571,44627,0.405,41k – 47k
Hüttlingen,4590,38403,0.377,38k – 41k
Matzingen,4591,39327,0.415,38k – 41k
Neunforn,4601,47777,0.439,47k – 478k
Stettfurt,4606,51869,0.434,47k – 478k
Thundorf,4611,38082,0.391,35k – 38k
Uesslingen-Buch,4616,42342,0.411,41k – 47k
Warth-Weiningen,4621,60307,0.501,47k – 478k
Altnau,4641,42993,0.424,41k – 47k
Bottighofen,4643,70371,0.564,47k – 478k
Ermatingen,4646,50324,0.501,47k – 478k
Gottlieben,4651,50614,0.482,47k – 478k
Güttingen,4656,39879,0.409,38k – 41k
Kemmental,4666,39168,0.453,38k – 41k
Kreuzlingen,4671,39840,0.447,38k – 41k
Langrickenbach,4681,35048,0.383,32k – 35k
Lengwil,4683,37891,0.406,35k – 38k
Münsterlingen,4691,46266,0.47,41k – 47k
Tägerwilen,4696,41012,0.439,38k – 41k
Wäldi,4701,39081,0.412,38k – 41k
Affeltrangen,4711,37991,0.369,35k – 38k
Bettwiesen,4716,41028,0.43,38k – 41k
Bichelsee-Balterswil,4721,40541,0.371,38k – 41k
Braunau,4723,39030,0.397,38k – 41k
Eschlikon,4724,42444,0.394,41k – 47k
Fischingen,4726,38509,0.387,38k – 41k
Lommis,4741,41762,0.442,41k – 47k
Münchwilen (TG),4746,39263,0.388,38k – 41k
Rickenbach (TG),4751,37238,0.373,35k – 38k
Schönholzerswilen,4756,35676,0.394,35k – 38k
Sirnach,4761,42647,0.444,41k – 47k
Tobel-Tägerschen,4776,37796,0.374,35k – 38k
Wängi,4781,40587,0.396,38k – 41k
Wilen (TG),4786,43111,0.384,41k – 47k
Wuppenau,4791,40342,0.43,38k – 41k
Berlingen,4801,42799,0.441,41k – 47k
Eschenz,4806,37369,0.4,35k – 38k
Herdern,4811,42107,0.413,41k – 47k
Homburg,4816,40481,0.418,38k – 41k
Hüttwilen,4821,44730,0.402,41k – 47k
Mammern,4826,45531,0.456,41k – 47k
Müllheim,4831,37794,0.39,35k – 38k
Pfyn,4841,39125,0.369,38k – 41k
Raperswilen,4846,35610,0.385,35k – 38k
Salenstein,4851,66166,0.589,47k – 478k
Steckborn,4864,40505,0.452,38k – 41k
Wagenhausen,4871,36404,0.383,35k – 38k
Amlikon-Bissegg,4881,39587,0.399,38k – 41k
Berg (TG),4891,38788,0.421,38k – 41k
Birwinken,4901,36016,0.393,35k – 38k
Bürglen (TG),4911,35638,0.374,35k – 38k
Bussnang,4921,38100,0.42,35k – 38k
Märstetten,4941,40472,0.388,38k – 41k
Weinfelden,4946,39851,0.408,38k – 41k
Wigoltingen,4951,39085,0.38,38k – 41k
Arbedo-Castione,5001,36331,0.413,35k – 38k
Bellinzona,5002,35454,0.454,35k – 38k
Cadenazzo,5003,31455,0.412,17k – 32k
Camorino,5004,37789,0.446,35k – 38k
Giubiasco,5005,35432,0.425,35k – 38k
Gnosca,5006,37048,0.366,35k – 38k
Gorduno,5007,38121,0.384,35k – 38k
Gudo,5008,36498,0.45,35k – 38k
Isone,5009,33883,0.333,32k – 35k
Lumino,5010,36950,0.412,35k – 38k
Moleno,5012,29518,0.431,17k – 32k
Monte Carasso,5013,38304,0.406,38k – 41k
Pianezzo,5014,39831,0.42,38k – 41k
Preonzo,5015,34688,0.403,32k – 35k
Sant'Antonino,5017,35901,0.403,35k – 38k
Sant'Antonio,5018,32859,0.422,32k – 35k
Sementina,5019,40097,0.457,38k – 41k
Acquarossa,5048,28799,0.413,17k – 32k
Blenio,5049,30228,0.396,17k – 32k
Serravalle,5050,30448,0.423,17k – 32k
Airolo,5061,33774,0.395,32k – 35k
Bedretto,5063,60235,0.63,47k – 478k
Bodio,5064,30179,0.402,17k – 32k
Dalpe,5071,37675,0.521,35k – 38k
Faido,5072,30283,0.424,17k – 32k
Giornico,5073,31052,0.387,17k – 32k
Personico,5076,32364,0.385,32k – 35k
Pollegio,5077,30934,0.393,17k – 32k
Prato (Leventina),5078,31087,0.464,17k – 32k
Quinto,5079,33624,0.449,32k – 35k
Sobrio,5081,24938,0.434,17k – 32k
Ascona,5091,42827,0.596,41k – 47k
Brione (Verzasca),5095,29744,0.508,17k – 32k
Brione sopra Minusio,5096,39912,0.533,38k – 41k
Brissago,5097,33286,0.564,32k – 35k
Corippo,5102,19922,0.487,17k – 32k
Frasco,5105,28172,0.441,17k – 32k
Gordola,5108,35671,0.431,35k – 38k
Gresso,5109,25386,0.39,17k – 32k
Lavertezzo,5112,31311,0.43,17k – 32k
Locarno,5113,32064,0.468,32k – 35k
Losone,5115,35842,0.453,35k – 38k
Mergoscia,5117,24166,0.526,17k – 32k
Minusio,5118,39764,0.512,38k – 41k
Mosogno,5119,24631,0.496,17k – 32k
Muralto,5120,37459,0.528,35k – 38k
Orselina,5121,41512,0.564,41k – 47k
Ronco sopra Ascona,5125,43812,0.679,41k – 47k
Sonogno,5129,26695,0.34,17k – 32k
Tenero-Contra,5131,32659,0.422,32k – 35k
Vergeletto,5132,23993,0.423,17k – 32k
Vogorno,5135,26064,0.426,17k – 32k
Onsernone,5136,23069,0.458,17k – 32k
Isorno,5137,26896,0.485,17k – 32k
Cugnasco-Gerra,5138,37092,0.438,35k – 38k
Agno,5141,39126,0.504,38k – 41k
Aranno,5143,40079,0.534,38k – 41k
Arogno,5144,32812,0.484,32k – 35k
Astano,5146,32117,0.488,32k – 35k
Bedano,5148,41073,0.444,38k – 41k
Bedigliora,5149,31987,0.496,32k – 35k
Bioggio,5151,43283,0.494,41k – 47k
Bissone,5154,49133,0.666,47k – 478k
Brusino Arsizio,5160,35105,0.534,32k – 35k
Cademario,5161,43919,0.55,41k – 47k
Cadempino,5162,40191,0.481,38k – 41k
Canobbio,5167,43355,0.484,41k – 47k
Caslano,5171,33156,0.469,32k – 35k
Comano,5176,62284,0.556,47k – 478k
Croglio,5178,38948,0.509,38k – 41k
Cureglia,5180,61289,0.562,47k – 478k
Curio,5181,32677,0.485,32k – 35k
Grancia,5186,34837,0.417,32k – 35k
Gravesano,5187,45332,0.485,41k – 47k
Lamone,5189,32168,0.404,32k – 35k
Lugano,5192,46650,0.592,47k – 478k
Magliaso,5193,45017,0.529,41k – 47k
Manno,5194,48441,0.484,47k – 478k
Maroggia,5195,40050,0.62,38k – 41k
Massagno,5196,43595,0.573,41k – 47k
Melano,5197,38494,0.536,38k – 41k
Melide,5198,44049,0.573,41k – 47k
Mezzovico-Vira,5199,44413,0.467,41k – 47k
Miglieglia,5200,30617,0.423,17k – 32k
Monteggio,5202,30413,0.42,17k – 32k
Morcote,5203,70525,0.75,47k – 478k
Muzzano,5205,51050,0.55,47k – 478k
Neggio,5206,45511,0.555,41k – 47k
Novaggio,5207,34150,0.418,32k – 35k
Origlio,5208,57993,0.606,47k – 478k
Paradiso,5210,52518,0.675,47k – 478k
Ponte Capriasca,5212,45613,0.502,41k – 47k
Ponte Tresa,5213,30632,0.513,17k – 32k
Porza,5214,76098,0.643,47k – 478k
Pura,5216,41863,0.532,41k – 47k
Rovio,5219,39772,0.53,38k – 41k
Savosa,5221,51008,0.584,47k – 478k
Sessa,5222,34843,0.459,32k – 35k
Sorengo,5225,62733,0.627,47k – 478k
Capriasca,5226,36467,0.459,35k – 38k
Torricella-Taverne,5227,37272,0.436,35k – 38k
Vernate,5230,50061,0.519,47k – 478k
Vezia,5231,43148,0.474,41k – 47k
Vico Morcote,5233,82459,0.731,47k – 478k
Collina d'Oro,5236,77238,0.663,47k – 478k
Alto Malcantone,5237,33305,0.462,32k – 35k
Monteceneri,5238,33833,0.39,32k – 35k
Balerna,5242,33885,0.486,32k – 35k
Castel San Pietro,5249,46038,0.523,41k – 47k
Chiasso,5250,30363,0.497,17k – 32k
Coldrerio,5251,38743,0.479,38k – 41k
Mendrisio,5254,40550,0.51,38k – 41k
Morbio Inferiore,5257,36547,0.5,35k – 38k
Novazzano,5260,40256,0.48,38k – 41k
Riva San Vitale,5263,35566,0.484,35k – 38k
Stabio,5266,35337,0.473,32k – 35k
Vacallo,5268,41528,0.523,41k – 47k
Breggia,5269,37431,0.462,35k – 38k
Biasca,5281,32154,0.402,32k – 35k
Claro,5282,35058,0.413,32k – 35k
Cresciano,5283,30408,0.368,17k – 32k
Iragna,5284,31355,0.36,17k – 32k
Lodrino,5285,33427,0.404,32k – 35k
Osogna,5286,32263,0.388,32k – 35k
Bosco/Gurin,5304,28703,0.389,17k – 32k
Campo (Vallemaggia),5307,21217,0.411,17k – 32k
Cerentino,5309,26378,0.429,17k – 32k
Cevio,5310,28082,0.424,17k – 32k
Linescio,5315,29335,0.538,17k – 32k
Maggia,5317,30904,0.444,17k – 32k
Lavizzara,5323,28115,0.408,17k – 32k
Avegno Gordevio,5324,31399,0.426,17k – 32k
Terre di Pedemonte,5396,37755,0.472,35k – 38k
Centovalli,5397,29920,0.448,17k – 32k
Gambarogno,5398,30429,0.475,17k – 32k
Aigle,5401,32781,0.427,32k – 35k
Bex,5402,31484,0.44,17k – 32k
Chessel,5403,33803,0.419,32k – 35k
Corbeyrier,5404,31910,0.449,32k – 35k
Gryon,5405,27569,0.541,17k – 32k
Lavey-Morcles,5406,31574,0.378,17k – 32k
Leysin,5407,28043,0.511,17k – 32k
Noville,5408,38129,0.424,35k – 38k
Ollon,5409,39305,0.575,38k – 41k
Ormont-Dessous,5410,27432,0.457,17k – 32k
Ormont-Dessus,5411,28993,0.49,17k – 32k
Rennaz,5412,34609,0.381,32k – 35k
Roche (VD),5413,33666,0.376,32k – 35k
Villeneuve (VD),5414,34107,0.435,32k – 35k
Yvorne,5415,43581,0.435,41k – 47k
Apples,5421,48941,0.503,47k – 478k
Aubonne,5422,54987,0.533,47k – 478k
Ballens,5423,41787,0.406,41k – 47k
Berolle,5424,40678,0.423,38k – 41k
Bière,5425,34742,0.398,32k – 35k
Bougy-Villars,5426,89204,0.624,47k – 478k
Féchy,5427,90153,0.647,47k – 478k
Gimel,5428,40604,0.468,38k – 41k
Longirod,5429,45546,0.399,41k – 47k
Marchissy,5430,41602,0.472,41k – 47k
Mollens (VD),5431,44686,0.541,41k – 47k
Montherod,5432,45145,0.521,41k – 47k
Saint-George,5434,47768,0.467,47k – 478k
Saint-Livres,5435,47664,0.457,47k – 478k
Saint-Oyens,5436,44470,0.424,41k – 47k
Saubraz,5437,38896,0.406,38k – 41k
Avenches,5451,33030,0.39,32k – 35k
Cudrefin,5456,42116,0.414,41k – 47k
Faoug,5458,41629,0.412,41k – 47k
Vully-les-Lacs,5464,41535,0.427,41k – 47k
Bettens,5471,45209,0.392,41k – 47k
Bournens,5472,50488,0.413,47k – 478k
Boussens,5473,45833,0.394,41k – 47k
La Chaux (Cossonay),5474,42817,0.409,41k – 47k
Chavannes-le-Veyron,5475,36094,0.442,35k – 38k
Chevilly,5476,42776,0.4,41k – 47k
Cossonay,5477,41107,0.434,38k – 41k
Cottens (VD),5478,46621,0.402,47k – 478k
Cuarnens,5479,42386,0.426,41k – 47k
Daillens,5480,51100,0.41,47k – 478k
Dizy,5481,48670,0.475,47k – 478k
Eclépens,5482,43350,0.403,41k – 47k
Ferreyres,5483,47042,0.48,47k – 478k
Gollion,5484,43325,0.39,41k – 47k
Grancy,5485,53107,0.501,47k – 478k
L'Isle,5486,37363,0.416,35k – 38k
Lussery-Villars,5487,40269,0.363,38k – 41k
Mauraz,5488,37121,0.384,35k – 38k
Mex (VD),5489,58861,0.509,47k – 478k
Moiry,5490,36791,0.394,35k – 38k
Mont-la-Ville,5491,40469,0.386,38k – 41k
Montricher,5492,108008,0.771,47k – 478k
Orny,5493,35349,0.428,32k – 35k
Pampigny,5494,41808,0.427,41k – 47k
Penthalaz,5495,38803,0.393,38k – 41k
Penthaz,5496,44681,0.391,41k – 47k
Pompaples,5497,32821,0.44,32k – 35k
La Sarraz,5498,39029,0.416,38k – 41k
Senarclens,5499,53268,0.569,47k – 478k
Sévery,5500,42886,0.447,41k – 47k
Sullens,5501,50279,0.463,47k – 478k
Vufflens-la-Ville,5503,54796,0.445,47k – 478k
Assens,5511,51454,0.451,47k – 478k
Bercher,5512,40370,0.43,38k – 41k
Bioley-Orjulaz,5513,44827,0.347,41k – 47k
Bottens,5514,45342,0.437,41k – 47k
Bretigny-sur-Morrens,5515,48858,0.431,47k – 478k
Cugy (VD),5516,47987,0.442,47k – 478k
Echallens,5518,40415,0.413,38k – 41k
Essertines-sur-Yverdon,5520,43249,0.402,41k – 47k
Etagnières,5521,46584,0.416,47k – 478k
Fey,5522,40991,0.368,38k – 41k
Froideville,5523,45368,0.394,41k – 47k
Morrens (VD),5527,48035,0.429,47k – 478k
Oulens-sous-Echallens,5529,47013,0.399,47k – 478k
Pailly,5530,41169,0.404,38k – 41k
Penthéréaz,5531,42562,0.417,41k – 47k
Poliez-Pittet,5533,40187,0.376,38k – 41k
Rueyres,5534,45032,0.369,41k – 47k
Saint-Barthélemy (VD),5535,38674,0.467,38k – 41k
Villars-le-Terroir,5537,42857,0.401,41k – 47k
Vuarrens,5539,39076,0.403,38k – 41k
Montilliez,5540,43792,0.39,41k – 47k
Goumoëns,5541,44991,0.458,41k – 47k
Bonvillars,5551,43794,0.428,41k – 47k
Bullet,5552,33281,0.42,32k – 35k
Champagne,5553,41456,0.431,41k – 47k
Concise,5554,38385,0.445,38k – 41k
Corcelles-près-Concise,5555,37345,0.455,35k – 38k
Fiez,5556,41120,0.385,38k – 41k
Fontaines-sur-Grandson,5557,37630,0.441,35k – 38k
Giez,5559,46991,0.491,47k – 478k
Grandevent,5560,46160,0.414,41k – 47k
Grandson,5561,40774,0.475,38k – 41k
Mauborget,5562,40933,0.526,38k – 41k
Mutrux,5563,35574,0.395,35k – 38k
Novalles,5564,41897,0.453,41k – 47k
Onnens (VD),5565,41345,0.431,41k – 47k
Provence,5566,29243,0.42,17k – 32k
Sainte-Croix,5568,28170,0.444,17k – 32k
Tévenon,5571,35834,0.431,35k – 38k
Belmont-sur-Lausanne,5581,57574,0.492,47k – 478k
Cheseaux-sur-Lausanne,5582,42853,0.407,41k – 47k
Crissier,5583,38417,0.462,38k – 41k
Epalinges,5584,54628,0.518,47k – 478k
Jouxtens-Mézery,5585,92758,0.644,47k – 478k
Lausanne,5586,38197,0.483,35k – 38k
Le Mont-sur-Lausanne,5587,52775,0.495,47k – 478k
Paudex,5588,76466,0.648,47k – 478k
Prilly,5589,35800,0.411,35k – 38k
Pully,5590,66789,0.573,47k – 478k
Renens (VD),5591,32985,0.417,32k – 35k
Romanel-sur-Lausanne,5592,40199,0.418,38k – 41k
Chexbres,5601,46860,0.497,47k – 478k
Forel (Lavaux),5604,42129,0.423,41k – 47k
Lutry,5606,67429,0.582,47k – 478k
Puidoux,5607,41796,0.457,41k – 47k
Rivaz,5609,47862,0.446,47k – 478k
Saint-Saphorin (Lavaux),5610,59408,0.513,47k – 478k
Savigny,5611,46836,0.469,47k – 478k
Bourg-en-Lavaux,5613,58171,0.532,47k – 478k
Aclens,5621,51690,0.446,47k – 478k
Bremblens,5622,62427,0.476,47k – 478k
Buchillon,5623,98584,0.605,47k – 478k
Bussigny,5624,39733,0.402,38k – 41k
Bussy-Chardonney,5625,53409,0.465,47k – 478k
Chavannes-près-Renens,5627,33817,0.391,32k – 35k
Chigny,5628,66271,0.533,47k – 478k
Clarmont,5629,49334,0.391,47k – 478k
Denens,5631,56294,0.516,47k – 478k
Denges,5632,45353,0.446,41k – 47k
Echandens,5633,60072,0.533,47k – 478k
Echichens,5634,50844,0.524,47k – 478k
Ecublens (VD),5635,40904,0.46,38k – 41k
Etoy,5636,45151,0.517,41k – 47k
Lavigny,5637,43021,0.505,41k – 47k
Lonay,5638,56144,0.493,47k – 478k
Lully (VD),5639,67641,0.552,47k – 478k
Lussy-sur-Morges,5640,110716,0.755,47k – 478k
Morges,5642,43203,0.464,41k – 47k
Préverenges,5643,53684,0.498,47k – 478k
Reverolle,5644,48952,0.526,47k – 478k
Romanel-sur-Morges,5645,53514,0.437,47k – 478k
Saint-Prex,5646,56497,0.514,47k – 478k
Saint-Sulpice (VD),5648,73830,0.544,47k – 478k
Tolochenaz,5649,47940,0.486,47k – 478k
Vaux-sur-Morges,5650,305992,0.897,47k – 478k
Villars-Sainte-Croix,5651,55377,0.445,47k – 478k
Villars-sous-Yens,5652,49942,0.497,47k – 478k
Vufflens-le-Château,5653,75238,0.529,47k – 478k
Vullierens,5654,45242,0.471,41k – 47k
Yens,5655,61969,0.535,47k – 478k
Boulens,5661,39171,0.439,38k – 41k
Brenles,5662,40408,0.484,38k – 41k
Bussy-sur-Moudon,5663,37099,0.343,35k – 38k
Chavannes-sur-Moudon,5665,35773,0.397,35k – 38k
Chesalles-sur-Moudon,5666,31546,0.419,17k – 32k
Cremin,5668,25880,0.332,17k – 32k
Curtilles,5669,36530,0.39,35k – 38k
Dompierre (VD),5671,33944,0.416,32k – 35k
Forel-sur-Lucens,5672,37835,0.41,35k – 38k
Hermenches,5673,35514,0.409,35k – 38k
Lovatens,5674,32707,0.366,32k – 35k
Lucens,5675,31958,0.418,32k – 35k
Moudon,5678,30884,0.405,17k – 32k
Ogens,5680,40353,0.347,38k – 41k
Prévonloup,5683,34046,0.386,32k – 35k
Rossenges,5684,70101,0.548,47k – 478k
Sarzens,5686,39918,0.332,38k – 41k
Syens,5688,48283,0.508,47k – 478k
Villars-le-Comte,5690,31834,0.371,17k – 32k
Vucherens,5692,41489,0.418,41k – 47k
Montanaire,5693,37814,0.382,35k – 38k
Arnex-sur-Nyon,5701,86212,0.61,47k – 478k
Arzier-Le Muids,5702,56923,0.591,47k – 478k
Bassins,5703,52548,0.487,47k – 478k
Begnins,5704,61597,0.574,47k – 478k
Bogis-Bossey,5705,65760,0.54,47k – 478k
Borex,5706,64832,0.541,47k – 478k
Chavannes-de-Bogis,5707,62688,0.536,47k – 478k
Chavannes-des-Bois,5708,80952,0.533,47k – 478k
Chéserex,5709,65972,0.544,47k – 478k
Coinsins,5710,68517,0.547,47k – 478k
Commugny,5711,81324,0.595,47k – 478k
Coppet,5712,91176,0.635,47k – 478k
Crans-près-Céligny,5713,85643,0.601,47k – 478k
Crassier,5714,67075,0.533,47k – 478k
Duillier,5715,61957,0.505,47k – 478k
Eysins,5716,55148,0.47,47k – 478k
Founex,5717,90365,0.648,47k – 478k
Genolier,5718,75504,0.608,47k – 478k
Gingins,5719,68946,0.549,47k – 478k
Givrins,5720,74821,0.56,47k – 478k
Gland,5721,47263,0.471,47k – 478k
Grens,5722,64058,0.553,47k – 478k
Mies,5723,141545,0.785,47k – 478k
Nyon,5724,52920,0.526,47k – 478k
Prangins,5725,68968,0.571,47k – 478k
La Rippe,5726,59727,0.537,47k – 478k
Saint-Cergue,5727,42196,0.506,41k – 47k
Signy-Avenex,5728,58099,0.458,47k – 478k
Tannay,5729,84435,0.603,47k – 478k
Trélex,5730,86985,0.631,47k – 478k
Le Vaud,5731,51727,0.485,47k – 478k
Vich,5732,59452,0.498,47k – 478k
L'Abergement,5741,39094,0.426,38k – 41k
Agiez,5742,40407,0.393,38k – 41k
Arnex-sur-Orbe,5743,38989,0.406,38k – 41k
Ballaigues,5744,33683,0.409,32k – 35k
Baulmes,5745,35541,0.415,35k – 38k
Bavois,5746,37958,0.368,35k – 38k
Bofflens,5747,36818,0.419,35k – 38k
Bretonnières,5748,38079,0.409,35k – 38k
Chavornay,5749,38283,0.397,38k – 41k
Les Clées,5750,41172,0.453,38k – 41k
Corcelles-sur-Chavornay,5751,37851,0.435,35k – 38k
Croy,5752,33606,0.429,32k – 35k
Juriens,5754,37202,0.404,35k – 38k
Lignerolle,5755,36758,0.399,35k – 38k
Montcherand,5756,47868,0.472,47k – 478k
Orbe,5757,36397,0.404,35k – 38k
La Praz,5758,38356,0.419,38k – 41k
Premier,5759,32175,0.459,32k – 35k
Rances,5760,43197,0.406,41k – 47k
Romainmôtier-Envy,5761,33818,0.375,32k – 35k
Sergey,5762,36332,0.425,35k – 38k
Valeyres-sous-Rances,5763,39957,0.424,38k – 41k
Vallorbe,5764,32039,0.42,32k – 35k
Vaulion,5765,31286,0.39,17k – 32k
Vuiteboeuf,5766,35284,0.408,32k – 35k
Carrouge (VD),5782,38714,0.377,38k – 41k
Corcelles-le-Jorat,5785,40517,0.459,38k – 41k
Essertes,5788,46036,0.387,41k – 47k
Ferlens (VD),5789,41349,0.417,41k – 47k
Maracon,5790,40293,0.421,38k – 41k
Mézières (VD),5791,43332,0.427,41k – 47k
Montpreveyres,5792,41781,0.388,41k – 47k
Ropraz,5798,40351,0.42,38k – 41k
Servion,5799,43923,0.456,41k – 47k
Vulliens,5803,37651,0.406,35k – 38k
Jorat-Menthue,5804,41049,0.412,38k – 41k
Oron,5805,35057,0.434,32k – 35k
Champtauroz,5812,36980,0.37,35k – 38k
Chevroux,5813,34807,0.413,32k – 35k
Corcelles-près-Payerne,5816,35341,0.404,32k – 35k
Grandcour,5817,36277,0.402,35k – 38k
Henniez,5819,35330,0.407,32k – 35k
Missy,5821,34981,0.348,32k – 35k
Payerne,5822,32614,0.417,32k – 35k
Trey,5827,33723,0.396,32k – 35k
Treytorrens (Payerne),5828,32806,0.316,32k – 35k
Villarzel,5830,34601,0.424,32k – 35k
Valbroye,5831,35333,0.401,32k – 35k
Château-d'Oex,5841,30235,0.492,17k – 32k
Rossinière,5842,31983,0.405,32k – 35k
Rougemont,5843,49974,0.613,47k – 478k
Allaman,5851,56799,0.534,47k – 478k
Bursinel,5852,77916,0.602,47k – 478k
Bursins,5853,58044,0.494,47k – 478k
Burtigny,5854,42647,0.461,41k – 47k
Dully,5855,118663,0.692,47k – 478k
Essertines-sur-Rolle,5856,56801,0.53,47k – 478k
Gilly,5857,60141,0.497,47k – 478k
Luins,5858,62138,0.504,47k – 478k
Mont-sur-Rolle,5859,58792,0.538,47k – 478k
Perroy,5860,63865,0.543,47k – 478k
Rolle,5861,53755,0.528,47k – 478k
Tartegnin,5862,57802,0.52,47k – 478k
Vinzel,5863,70628,0.583,47k – 478k
L'Abbaye,5871,38967,0.482,38k – 41k
Le Chenit,5872,36722,0.417,35k – 38k
Le Lieu,5873,39100,0.448,38k – 41k
Blonay,5881,57772,0.532,47k – 478k
Chardonne,5882,50901,0.524,47k – 478k
Corseaux,5883,63278,0.556,47k – 478k
Corsier-sur-Vevey,5884,37611,0.443,35k – 38k
Jongny,5885,57624,0.489,47k – 478k
Montreux,5886,40148,0.539,38k – 41k
Saint-Légier-La Chiésaz,5888,63363,0.559,47k – 478k
La Tour-de-Peilz,5889,47050,0.508,47k – 478k
Vevey,5890,36626,0.476,35k – 38k
Veytaux,5891,40084,0.493,38k – 41k
Belmont-sur-Yverdon,5902,39210,0.416,38k – 41k
Bioley-Magnoux,5903,37578,0.343,35k – 38k
Chamblon,5904,47634,0.509,47k – 478k
Champvent,5905,40829,0.418,38k – 41k
Chavannes-le-Chêne,5907,37330,0.397,35k – 38k
Chêne-Pâquier,5908,37060,0.472,35k – 38k
Cheseaux-Noréaz,5909,59658,0.489,47k – 478k
Cronay,5910,40543,0.427,38k – 41k
Cuarny,5911,43155,0.388,41k – 47k
Démoret,5912,33049,0.37,32k – 35k
Donneloye,5913,39551,0.467,38k – 41k
Ependes (VD),5914,34058,0.396,32k – 35k
Essert-Pittet,5915,37224,0.394,35k – 38k
Mathod,5919,37474,0.394,35k – 38k
Molondin,5921,32970,0.383,32k – 35k
Montagny-près-Yverdon,5922,41538,0.429,41k – 47k
Oppens,5923,42774,0.371,41k – 47k
Orges,5924,41745,0.462,41k – 47k
Orzens,5925,36517,0.437,35k – 38k
Pomy,5926,42385,0.414,41k – 47k
Rovray,5928,36567,0.378,35k – 38k
Suchy,5929,46515,0.401,41k – 47k
Suscévaz,5930,40596,0.361,38k – 41k
Treycovagnes,5931,41217,0.425,41k – 47k
Ursins,5932,46330,0.472,41k – 47k
Valeyres-sous-Montagny,5933,42394,0.424,41k – 47k
Valeyres-sous-Ursins,5934,43504,0.363,41k – 47k
Villars-Epeney,5935,53922,0.659,47k – 478k
Vugelles-La Mothe,5937,34536,0.404,32k – 35k
Yverdon-les-Bains,5938,33630,0.418,32k – 35k
Yvonand,5939,35727,0.416,35k – 38k
Brig-Glis,6002,34056,0.45,32k – 35k
Eggerberg,6004,28606,0.427,17k – 32k
Naters,6007,32159,0.422,32k – 35k
Ried-Brig,6008,34356,0.451,32k – 35k
Simplon,6009,27721,0.503,17k – 32k
Termen,6010,33881,0.462,32k – 35k
Zwischbergen,6011,25377,0.454,17k – 32k
Ardon,6021,31296,0.448,17k – 32k
Chamoson,6022,30542,0.482,17k – 32k
Conthey,6023,31143,0.449,17k – 32k
Nendaz,6024,24247,0.575,17k – 32k
Vétroz,6025,32713,0.447,32k – 35k
Bagnes,6031,42575,0.686,41k – 47k
Bourg-Saint-Pierre,6032,25776,0.462,17k – 32k
Liddes,6033,27857,0.417,17k – 32k
Orsières,6034,29085,0.506,17k – 32k
Sembrancher,6035,25837,0.431,17k – 32k
Vollèges,6036,30564,0.447,17k – 32k
Bellwald,6052,16603,0.584,17k – 32k
Binn,6054,26298,0.429,17k – 32k
Blitzingen,6055,28031,0.801,17k – 32k
Ernen,6056,20032,0.553,17k – 32k
Fiesch,6057,24335,0.517,17k – 32k
Fieschertal,6058,25290,0.483,17k – 32k
Lax,6061,19974,0.561,17k – 32k
Niederwald,6064,22730,0.501,17k – 32k
Grafschaft,6073,24434,0.465,17k – 32k
Münster-Geschinen,6074,25127,0.507,17k – 32k
Reckingen-Gluringen,6075,23834,0.496,17k – 32k
Obergoms,6076,25986,0.486,17k – 32k
Les Agettes,6081,24090,0.536,17k – 32k
Ayent,6082,26302,0.556,17k – 32k
Evolène,6083,24819,0.548,17k – 32k
Hérémence,6084,27677,0.534,17k – 32k
Saint-Martin (VS),6087,26079,0.477,17k – 32k
Vex,6089,21299,0.589,17k – 32k
Mont-Noble,6090,27081,0.516,17k – 32k
Agarn,6101,28635,0.41,17k – 32k
Albinen,6102,18349,0.544,17k – 32k
Ergisch,6104,23890,0.513,17k – 32k
Inden,6109,23078,0.5,17k – 32k
Leuk,6110,29528,0.42,17k – 32k
Leukerbad,6111,19192,0.623,17k – 32k
Oberems,6112,19980,0.543,17k – 32k
Salgesch,6113,36786,0.505,35k – 38k
Varen,6116,27576,0.426,17k – 32k
Guttet-Feschel,6117,26200,0.451,17k – 32k
Gampel-Bratsch,6118,30551,0.418,17k – 32k
Turtmann-Unterems,6119,27825,0.437,17k – 32k
Bovernier,6131,28907,0.435,17k – 32k
Charrat,6132,29711,0.42,17k – 32k
Fully,6133,31944,0.439,32k – 35k
Isérables,6134,26757,0.406,17k – 32k
Leytron,6135,29121,0.493,17k – 32k
Martigny,6136,33767,0.47,32k – 35k
Martigny-Combe,6137,33062,0.437,32k – 35k
Riddes,6139,25881,0.531,17k – 32k
Saillon,6140,31232,0.459,17k – 32k
Saxon,6141,28108,0.432,17k – 32k
Trient,6142,24974,0.584,17k – 32k
Champéry,6151,30101,0.626,17k – 32k
Collombey-Muraz,6152,32434,0.424,32k – 35k
Monthey,6153,32186,0.452,32k – 35k
Port-Valais,6154,32702,0.466,32k – 35k
Saint-Gingolph,6155,25796,0.564,17k – 32k
Troistorrents,6156,31132,0.497,17k – 32k
Val-d'Illiez,6157,26201,0.522,17k – 32k
Vionnaz,6158,29937,0.478,17k – 32k
Vouvry,6159,32712,0.464,32k – 35k
Bister,6172,22721,0.467,17k – 32k
Bitsch,6173,28748,0.452,17k – 32k
Grengiols,6177,22665,0.489,17k – 32k
Riederalp,6181,20461,0.597,17k – 32k
Ausserberg,6191,28950,0.453,17k – 32k
Blatten,6192,25597,0.45,17k – 32k
Bürchen,6193,23347,0.514,17k – 32k
Eischoll,6194,27218,0.501,17k – 32k
Ferden,6195,25883,0.485,17k – 32k
Kippel,6197,27581,0.412,17k – 32k
Niedergesteln,6198,35096,0.388,32k – 35k
Raron,6199,33379,0.429,32k – 35k
Unterbäch,6201,25856,0.539,17k – 32k
Wiler (Lötschen),6202,24815,0.487,17k – 32k
Mörel-Filet,6203,23239,0.494,17k – 32k
Steg-Hohtenn,6204,30816,0.415,17k – 32k
Bettmeralp,6205,20104,0.532,17k – 32k
Collonges,6211,30133,0.392,17k – 32k
Dorénaz,6212,28100,0.456,17k – 32k
Evionnaz,6213,32027,0.4,32k – 35k
Finhaut,6214,24735,0.614,17k – 32k
Massongex,6215,30844,0.429,17k – 32k
Saint-Maurice,6217,27728,0.462,17k – 32k
Salvan,6218,25731,0.502,17k – 32k
Vernayaz,6219,28203,0.442,17k – 32k
Vérossaz,6220,33856,0.388,32k – 35k
Chalais,6232,27464,0.51,17k – 32k
Chermignon,6234,39339,0.652,38k – 41k
Chippis,6235,27909,0.443,17k – 32k
Grône,6238,27882,0.449,17k – 32k
Icogne,6239,30739,0.605,17k – 32k
Lens,6240,41464,0.694,41k – 47k
Miège,6241,32532,0.467,32k – 35k
Mollens (VS),6242,25619,0.562,17k – 32k
Montana,6243,33015,0.65,32k – 35k
Randogne,6244,28831,0.676,17k – 32k
Saint-Léonard,6246,33158,0.438,32k – 35k
Sierre,6248,30150,0.464,17k – 32k
Venthône,6249,38368,0.551,38k – 41k
Veyras,6250,36573,0.479,35k – 38k
Anniviers,6252,21402,0.618,17k – 32k
Arbaz,6261,30766,0.536,17k – 32k
Grimisuat,6263,36962,0.508,35k – 38k
Savièse,6265,36309,0.473,35k – 38k
Sion,6266,32969,0.48,32k – 35k
Veysonnaz,6267,20777,0.609,17k – 32k
Baltschieder,6281,36855,0.381,35k – 38k
Eisten,6282,22450,0.466,17k – 32k
Embd,6283,27016,0.422,17k – 32k
Grächen,6285,21154,0.488,17k – 32k
Lalden,6286,31658,0.425,17k – 32k
Randa,6287,25083,0.493,17k – 32k
Saas-Almagell,6288,24966,0.453,17k – 32k
Saas-Balen,6289,28895,0.568,17k – 32k
Saas-Fee,6290,25383,0.577,17k – 32k
Saas-Grund,6291,26350,0.443,17k – 32k
St. Niklaus,6292,27769,0.446,17k – 32k
Stalden (VS),6293,28931,0.42,17k – 32k
Staldenried,6294,29118,0.411,17k – 32k
Täsch,6295,23629,0.499,17k – 32k
Törbel,6296,28547,0.403,17k – 32k
Visp,6297,34698,0.438,32k – 35k
Visperterminen,6298,33526,0.418,32k – 35k
Zeneggen,6299,28393,0.454,17k – 32k
Zermatt,6300,34614,0.549,32k – 35k
Bevaix,6402,41883,0.48,41k – 47k
Boudry,6404,35306,0.428,32k – 35k
Brot-Dessous,6405,36277,0.383,35k – 38k
Corcelles-Cormondrèche,6407,43882,0.469,41k – 47k
Cortaillod,6408,40203,0.448,38k – 41k
Fresens,6409,35292,0.477,32k – 35k
Gorgier,6410,49260,0.566,47k – 478k
Montalchez,6411,30138,0.447,17k – 32k
Peseux,6412,34538,0.464,32k – 35k
Rochefort,6413,42551,0.47,41k – 47k
Saint-Aubin-Sauges,6414,35980,0.478,35k – 38k
Vaumarcus,6415,48631,0.483,47k – 478k
Milvignes,6416,43801,0.478,41k – 47k
La Chaux-de-Fonds,6421,32327,0.462,32k – 35k
Les Planchettes,6422,31912,0.433,32k – 35k
La Sagne,6423,33998,0.385,32k – 35k
Les Brenets,6431,36610,0.436,35k – 38k
La Brévine,6432,31948,0.391,32k – 35k
Brot-Plamboz,6433,37833,0.439,35k – 38k
Le Cerneux-Péquignot,6434,33310,0.409,32k – 35k
La Chaux-du-Milieu,6435,36765,0.366,35k – 38k
Le Locle,6436,32327,0.435,32k – 35k
Les Ponts-de-Martel,6437,32396,0.411,32k – 35k
Cornaux,6451,36676,0.388,35k – 38k
Cressier (NE),6452,35797,0.424,35k – 38k
Enges,6453,38569,0.408,38k – 41k
Hauterive (NE),6454,41382,0.461,41k – 47k
Le Landeron,6455,51666,0.613,47k – 478k
Lignières,6456,39108,0.435,38k – 41k
Neuchâtel,6458,36615,0.482,35k – 38k
Saint-Blaise,6459,46651,0.518,47k – 478k
La Tène,6461,38810,0.452,38k – 41k
Valangin,6485,34543,0.417,32k – 35k
Val-de-Ruz,6487,38655,0.415,38k – 41k
La Côte-aux-Fées,6504,27381,0.476,17k – 32k
Les Verrières,6511,30658,0.47,17k – 32k
Val-de-Travers,6512,30535,0.433,17k – 32k
Aire-la-Ville,6601,57273,0.491,47k – 478k
Anières,6602,478065,0.936,47k – 478k
Avully,6603,42861,0.479,41k – 47k
Avusy,6604,63394,0.511,47k – 478k
Bardonnex,6605,55391,0.519,47k – 478k
Bellevue,6606,53520,0.568,47k – 478k
Bernex,6607,51595,0.504,47k – 478k
Carouge (GE),6608,43034,0.516,41k – 47k
Cartigny,6609,69942,0.556,47k – 478k
Céligny,6610,97096,0.709,47k – 478k
Chancy,6611,44512,0.454,41k – 47k
Chêne-Bougeries,6612,80560,0.679,47k – 478k
Chêne-Bourg,6613,40665,0.509,38k – 41k
Choulex,6614,82246,0.62,47k – 478k
Collex-Bossy,6615,61478,0.542,47k – 478k
Collonge-Bellerive,6616,100172,0.691,47k – 478k
Cologny,6617,136341,0.747,47k – 478k
Confignon,6618,56126,0.541,47k – 478k
Corsier (GE),6619,98750,0.708,47k – 478k
Dardagny,6620,45604,0.49,41k – 47k
Genève,6621,45514,0.581,41k – 47k
Genthod,6622,112186,0.772,47k – 478k
Le Grand-Saconnex,6623,46126,0.564,41k – 47k
Gy,6624,74391,0.644,47k – 478k
Hermance,6625,90296,0.715,47k – 478k
Jussy,6626,77167,0.636,47k – 478k
Laconnex,6627,80516,0.603,47k – 478k
Lancy,6628,41645,0.471,41k – 47k
Meinier,6629,64583,0.569,47k – 478k
Meyrin,6630,37410,0.461,35k – 38k
Onex,6631,38626,0.483,38k – 41k
Perly-Certoux,6632,49056,0.462,47k – 478k
Plan-les-Ouates,6633,54394,0.542,47k – 478k
Pregny-Chambésy,6634,96814,0.734,47k – 478k
Presinge,6635,85234,0.755,47k – 478k
Puplinge,6636,53588,0.495,47k – 478k
Russin,6637,66263,0.577,47k – 478k
Satigny,6638,53330,0.511,47k – 478k
Soral,6639,56319,0.538,47k – 478k
Thônex,6640,47537,0.563,47k – 478k
Troinex,6641,66595,0.598,47k – 478k
Vandoeuvres,6642,130053,0.734,47k – 478k
Vernier,6643,33876,0.478,32k – 35k
Versoix,6644,45536,0.579,41k – 47k
Veyrier,6645,71098,0.638,47k – 478k
Boécourt,6702,33451,0.433,32k – 35k
Bourrignon,6703,30937,0.416,17k – 32k
Châtillon (JU),6704,34587,0.417,32k – 35k
Corban,6705,32512,0.377,32k – 35k
Courchapoix,6706,31330,0.405,17k – 32k
Courrendlin,6708,31769,0.415,17k – 32k
Courroux,6709,34956,0.419,32k – 35k
Courtételle,6710,40308,0.497,38k – 41k
Delémont,6711,33820,0.454,32k – 35k
Develier,6712,34573,0.466,32k – 35k
Ederswiler,6713,27214,0.312,17k – 32k
Mervelier,6715,30996,0.412,17k – 32k
Mettembert,6716,30062,0.367,17k – 32k
Movelier,6718,29188,0.364,17k – 32k
Pleigne,6719,29268,0.387,17k – 32k
Rebeuvelier,6720,36335,0.394,35k – 38k
Rossemaison,6721,37678,0.431,35k – 38k
Saulcy,6722,29858,0.375,17k – 32k
Soyhières,6724,32173,0.481,32k – 35k
Vellerat,6728,36518,0.309,35k – 38k
Haute-Sorne,6729,31219,0.432,17k – 32k
Val Terbi,6730,31842,0.408,17k – 32k
Le Bémont (JU),6741,31016,0.441,17k – 32k
Les Bois,6742,37217,0.499,35k – 38k
Les Breuleux,6743,32517,0.391,32k – 35k
La Chaux-des-Breuleux,6744,31288,0.379,17k – 32k
Les Enfers,6745,31842,0.441,17k – 32k
Les Genevez (JU),6748,33001,0.404,32k – 35k
Lajoux (JU),6750,29763,0.419,17k – 32k
Montfaucon,6751,31253,0.395,17k – 32k
Muriaux,6753,38224,0.509,35k – 38k
Le Noirmont,6754,33545,0.416,32k – 35k
Saignelégier,6757,32695,0.41,32k – 35k
Saint-Brais,6758,25605,0.401,17k – 32k
Soubey,6759,25904,0.398,17k – 32k
Alle,6771,31189,0.402,17k – 32k
Beurnevésin,6773,26767,0.403,17k – 32k
Boncourt,6774,35886,0.448,35k – 38k
Bonfol,6775,28856,0.408,17k – 32k
Bure,6778,32910,0.382,32k – 35k
Coeuve,6781,33201,0.402,32k – 35k
Cornol,6782,31114,0.401,17k – 32k
Courchavon,6783,36668,0.503,35k – 38k
Courgenay,6784,32782,0.411,32k – 35k
Courtedoux,6785,34461,0.43,32k – 35k
Damphreux,6787,31116,0.416,17k – 32k
Fahy,6789,27894,0.428,17k – 32k
Fontenais,6790,31580,0.424,17k – 32k
Grandfontaine,6792,30360,0.428,17k – 32k
Lugnez,6793,29585,0.41,17k – 32k
Porrentruy,6800,32157,0.464,32k – 35k
Rocourt,6803,32116,0.38,32k – 35k
Vendlincourt,6806,29291,0.398,17k – 32k
Basse-Allaine,6807,30385,0.409,17k – 32k
Clos du Doubs,6808,27873,0.412,17k – 32k
Haute-Ajoie,6809,30035,0.401,17k – 32k
La Baroche,6810,29704,0.405,17k – 32k
